epoch,loss,mae,val_loss,val_mae
1,0.015332004986703396,0.10173739492893219,0.01752258464694023,0.11260972917079926
