epoch,loss,mae,val_loss,val_mae
0,0.0500548779964447,0.18716439604759216,0.09698625653982162,0.2666931748390198
