epoch,train_type_loss,train_severity_loss,train_pair_loss,train_total_loss,train_type_accuracy,train_severity_mae,train_pair_accuracy,val_type_loss,val_severity_loss,val_pair_loss,val_total_loss,val_type_accuracy,val_severity_mae,val_pair_accuracy,val_supervised_samples,val_pair_samples
1,1.2665464878082275,0.018775520846247673,0.5915089845657349,1.3444732427597046,0.5357499718666077,0.2337668240070343,0.8015000224113464,1.2170703411102295,0.018541580066084862,0.6039029359817505,1.2960022147744894,0.544921875,0.23162083327770233,0.7470703125,2048,2048
2,1.1531840562820435,0.018850326538085938,0.5369089841842651,1.2257262468338013,0.5642499923706055,0.2345544397830963,0.8205000162124634,1.2838308811187744,0.019027451053261757,0.8629205822944641,1.3891503904014826,0.53466796875,0.23659726977348328,0.6767578125,2048,2048
3,0.9996700882911682,0.01895728148519993,0.3477983772754669,1.0534065961837769,0.6299999952316284,0.23542258143424988,0.890500009059906,1.138384222984314,0.01841503195464611,0.7998355627059937,1.2367828112095594,0.578125,0.2304079681634903,0.71337890625,2048,2048
4,0.8808374404907227,0.01916365884244442,0.19889327883720398,0.9198911786079407,0.6807500123977661,0.23770029842853546,0.9340000152587891,1.1254256963729858,0.01775411330163479,0.9115339517593384,1.2343332048505544,0.580078125,0.223571315407753,0.666015625,2048,2048
5,0.7526611685752869,0.019404204562306404,0.08955879509449005,0.7810212969779968,0.7365000247955322,0.24016264081001282,0.9679999947547913,1.1303534507751465,0.018509553745388985,0.6929001212120056,1.218153016641736,0.58935546875,0.23128625750541687,0.71630859375,2048,2048
