epoch,loss,mae,val_loss,val_mae
0,0.054677125066518784,0.1971040517091751,0.16683661937713623,0.3733358383178711
