model,version,accuracy,f1,precision,recall,tp,tn,fp,fn,pred_mean,pred_std,pred_min,pred_max,srcc,plcc,mae,rmse
alamp,old,0.521,0.5912969283276451,0.7598684210526315,0.48393854748603354,693.0,349.0,219.0,739.0,0.5032092630416155,0.09720942358811722,0.2632012367248535,0.974705696105957,,,,
alamp,new,0.6995,0.7614132592298531,0.8822447102115916,0.6696927374301676,959.0,440.0,128.0,473.0,0.528711144090048,0.26969487757085614,0.0019497666507959366,0.9996780157089233,,,,
rgnet,old,,,,,,,,,0.48802581641077997,0.0882334393709378,0.2717463970184326,0.8221616744995117,0.530499007152549,0.5354981918010965,0.14456980808138847,0.17684855986794154
rgnet,new,,,,,,,,,0.43996643766760823,0.1649708555846786,0.07474011182785034,0.9535722732543945,0.6139209634395925,0.631092333301772,0.14811174837243557,0.18276068723847247
