split,model,n,mae,rmse,srcc,plcc,bias,y_true_min,y_true_max,y_true_mean,y_true_std,y_pred_min,y_pred_max,y_pred_mean,y_pred_std,std_ratio,avg_ms_per_image,status,error
flive_val,mobile_flive,3981,3.1400530572826475,4.202929535962144,0.6076226398326063,0.757486198029859,0.5808609823409826,9.655935273354398,90.53076506553036,72.04550679743843,6.371585006102533,17.021400451660156,86.95320892333984,72.6263656616211,4.671017169952393,0.7331012872744564,6.685815184477495,success,
flive_val,mobile_koniq,3981,13.595459167807334,16.090655809866725,0.39722998790351816,0.49604297147179466,-13.162853946016531,9.655935273354398,90.53076506553036,72.04550679743843,6.371585006102533,10.5292387008667,86.52960205078125,58.882652282714844,10.57951831817627,1.660421748755371,6.547790770254013,success,
flive_val,topiq_unified,3981,10.186302599402284,12.773158283330591,0.458435862617124,0.5444417240445404,-9.291257295802861,9.655935273354398,90.53076506553036,72.04550679743843,6.371585006102533,9.266668558120728,87.70445585250854,62.75424950163558,10.416091075005777,1.6347723627683732,37.291350241313474,success,
flive_test,mobile_flive,3981,3.062580071734904,4.045087260099723,0.6222598489585688,0.7501810201290646,0.5655572863949,13.599131358559324,91.71841021636084,72.1821326049038,6.050631364396424,18.591001510620117,88.77969360351562,72.74769592285156,4.349644660949707,0.7188745106079689,6.628946274616286,success,
flive_test,mobile_koniq,3981,13.692490726546886,16.167811977785743,0.41879166868806955,0.5130009001676634,-13.329895679650756,13.599131358559324,91.71841021636084,72.1821326049038,6.050631364396424,9.074478149414062,84.86643981933594,58.85223388671875,10.636347770690918,1.7578905621780412,6.484042038063523,success,
flive_test,topiq_unified,3981,10.043623811012663,12.652615849920867,0.4880804676357861,0.5646766730762272,-9.2604587848485,13.599131358559324,91.71841021636084,72.1821326049038,6.050631364396424,6.305598467588425,82.91329741477966,62.921673820055304,10.444875691995179,1.726245587106115,36.60283679190786,success,
