epoch,loss,mae,val_loss,val_mae
0,0.10305814445018768,0.28015944361686707,0.17129606008529663,0.36968472599983215
