epoch,loss,mae,val_loss,val_mae
0,0.047238193452358246,0.17674143612384796,0.058873485773801804,0.21010170876979828
