epoch,loss,mae,val_loss,val_mae
0,0.04258374869823456,0.1639784574508667,0.04431608319282532,0.1645055115222931
