{
  "fusion_mode": "graphgcn",
  "metrics_at_0_5": {
    "accuracy": 0.6962890625,
    "balanced_accuracy": 0.584299499183651,
    "precision": 0.7484885126964933,
    "recall": 0.8573407202216067,
    "specificity": 0.31125827814569534,
    "f1": 0.7992253066494512,
    "roc_auc": 0.6694566234338023,
    "average_precision": 0.8145259845191639,
    "bce_loss": 1.1000683307647705,
    "confusion_matrix": {
      "tn": 94,
      "fp": 208,
      "fn": 103,
      "tp": 619
    }
  },
  "seconds_per_image": 0.0011355157475918531,
  "total_samples": 1024
}