{
  "inputs": {
    "val_predictions": "outputs/alamp_paper_fusion_1024_graphgcn_20260513/eval/val_predictions.csv",
    "test_predictions": "outputs/alamp_paper_fusion_1024_graphgcn_20260513/eval/val_predictions.csv",
    "val_rows": 1024,
    "test_rows": 1024
  },
  "threshold_range": "0.01..0.99",
  "threshold_step": 0.01,
  "selection_split": "validation",
  "selections": {
    "threshold_0_50_baseline": {
      "threshold": 0.5,
      "val": {
        "accuracy": 0.6962890625,
        "balanced_accuracy": 0.584299499183651,
        "precision": 0.7484885126964933,
        "recall": 0.8573407202216067,
        "specificity": 0.31125827814569534,
        "f1": 0.7992253066494512,
        "youden_j": 0.16859899836730197,
        "confusion_matrix": {
          "tn": 94,
          "fp": 208,
          "fn": 103,
          "tp": 619
        }
      },
      "test": {
        "accuracy": 0.6962890625,
        "balanced_accuracy": 0.584299499183651,
        "precision": 0.7484885126964933,
        "recall": 0.8573407202216067,
        "specificity": 0.31125827814569534,
        "f1": 0.7992253066494512,
        "youden_j": 0.16859899836730197,
        "confusion_matrix": {
          "tn": 94,
          "fp": 208,
          "fn": 103,
          "tp": 619
        }
      }
    },
    "best_validation_f1": {
      "threshold": 0.02,
      "val": {
        "accuracy": 0.7060546875,
        "balanced_accuracy": 0.5132129295004678,
        "precision": 0.7107107107107107,
        "recall": 0.9833795013850416,
        "specificity": 0.04304635761589404,
        "f1": 0.8251016850668216,
        "youden_j": 0.026425859000935636,
        "confusion_matrix": {
          "tn": 13,
          "fp": 289,
          "fn": 12,
          "tp": 710
        }
      },
      "test": {
        "accuracy": 0.7060546875,
        "balanced_accuracy": 0.5132129295004678,
        "precision": 0.7107107107107107,
        "recall": 0.9833795013850416,
        "specificity": 0.04304635761589404,
        "f1": 0.8251016850668216,
        "youden_j": 0.026425859000935636,
        "confusion_matrix": {
          "tn": 13,
          "fp": 289,
          "fn": 12,
          "tp": 710
        }
      }
    },
    "best_validation_balanced_accuracy": {
      "threshold": 0.97,
      "val": {
        "accuracy": 0.609375,
        "balanced_accuracy": 0.6401643704940287,
        "precision": 0.8259109311740891,
        "recall": 0.5650969529085873,
        "specificity": 0.7152317880794702,
        "f1": 0.6710526315789473,
        "youden_j": 0.2803287409880575,
        "confusion_matrix": {
          "tn": 216,
          "fp": 86,
          "fn": 314,
          "tp": 408
        }
      },
      "test": {
        "accuracy": 0.609375,
        "balanced_accuracy": 0.6401643704940287,
        "precision": 0.8259109311740891,
        "recall": 0.5650969529085873,
        "specificity": 0.7152317880794702,
        "f1": 0.6710526315789473,
        "youden_j": 0.2803287409880575,
        "confusion_matrix": {
          "tn": 216,
          "fp": 86,
          "fn": 314,
          "tp": 408
        }
      }
    },
    "best_validation_youden_j": {
      "threshold": 0.97,
      "val": {
        "accuracy": 0.609375,
        "balanced_accuracy": 0.6401643704940287,
        "precision": 0.8259109311740891,
        "recall": 0.5650969529085873,
        "specificity": 0.7152317880794702,
        "f1": 0.6710526315789473,
        "youden_j": 0.2803287409880575,
        "confusion_matrix": {
          "tn": 216,
          "fp": 86,
          "fn": 314,
          "tp": 408
        }
      },
      "test": {
        "accuracy": 0.609375,
        "balanced_accuracy": 0.6401643704940287,
        "precision": 0.8259109311740891,
        "recall": 0.5650969529085873,
        "specificity": 0.7152317880794702,
        "f1": 0.6710526315789473,
        "youden_j": 0.2803287409880575,
        "confusion_matrix": {
          "tn": 216,
          "fp": 86,
          "fn": 314,
          "tp": 408
        }
      }
    },
    "lowest_validation_specificity_ge_0_30": {
      "threshold": 0.46,
      "val": {
        "accuracy": 0.6982421875,
        "balanced_accuracy": 0.5837583240079984,
        "precision": 0.7478991596638656,
        "recall": 0.8628808864265928,
        "specificity": 0.304635761589404,
        "f1": 0.8012861736334406,
        "youden_j": 0.16751664801599686,
        "confusion_matrix": {
          "tn": 92,
          "fp": 210,
          "fn": 99,
          "tp": 623
        }
      },
      "test": {
        "accuracy": 0.6982421875,
        "balanced_accuracy": 0.5837583240079984,
        "precision": 0.7478991596638656,
        "recall": 0.8628808864265928,
        "specificity": 0.304635761589404,
        "f1": 0.8012861736334406,
        "youden_j": 0.16751664801599686,
        "confusion_matrix": {
          "tn": 92,
          "fp": 210,
          "fn": 99,
          "tp": 623
        }
      }
    },
    "lowest_validation_specificity_ge_0_50": {
      "threshold": 0.85,
      "val": {
        "accuracy": 0.6611328125,
        "balanced_accuracy": 0.6161921447047385,
        "precision": 0.7786032689450223,
        "recall": 0.7257617728531855,
        "specificity": 0.5066225165562914,
        "f1": 0.7512544802867384,
        "youden_j": 0.23238428940947697,
        "confusion_matrix": {
          "tn": 153,
          "fp": 149,
          "fn": 198,
          "tp": 524
        }
      },
      "test": {
        "accuracy": 0.6611328125,
        "balanced_accuracy": 0.6161921447047385,
        "precision": 0.7786032689450223,
        "recall": 0.7257617728531855,
        "specificity": 0.5066225165562914,
        "f1": 0.7512544802867384,
        "youden_j": 0.23238428940947697,
        "confusion_matrix": {
          "tn": 153,
          "fp": 149,
          "fn": 198,
          "tp": 524
        }
      }
    },
    "lowest_validation_specificity_ge_0_70": {
      "threshold": 0.97,
      "val": {
        "accuracy": 0.609375,
        "balanced_accuracy": 0.6401643704940287,
        "precision": 0.8259109311740891,
        "recall": 0.5650969529085873,
        "specificity": 0.7152317880794702,
        "f1": 0.6710526315789473,
        "youden_j": 0.2803287409880575,
        "confusion_matrix": {
          "tn": 216,
          "fp": 86,
          "fn": 314,
          "tp": 408
        }
      },
      "test": {
        "accuracy": 0.609375,
        "balanced_accuracy": 0.6401643704940287,
        "precision": 0.8259109311740891,
        "recall": 0.5650969529085873,
        "specificity": 0.7152317880794702,
        "f1": 0.6710526315789473,
        "youden_j": 0.2803287409880575,
        "confusion_matrix": {
          "tn": 216,
          "fp": 86,
          "fn": 314,
          "tp": 408
        }
      }
    }
  }
}