image_path,keras_score,tflite_score,diff
/home/omen_pc1/photo_score_project/data/raw/spaq/11090.jpg,57.374316453933716,57.38924741744995,0.014930963516235352
/home/omen_pc1/photo_score_project/data/raw/spaq/11104.jpg,44.85198259353638,44.788601994514465,0.06338059902191162
/home/omen_pc1/photo_score_project/data/raw/spaq/10740.jpg,57.429808378219604,57.443004846572876,0.013196468353271484
/home/omen_pc1/photo_score_project/data/raw/spaq/10141.jpg,70.52055597305298,70.5301284790039,0.009572505950927734
/home/omen_pc1/photo_score_project/data/raw/spaq/11019.jpg,44.022002816200256,43.99506449699402,0.026938319206237793
/home/omen_pc1/photo_score_project/data/raw/spaq/10528.jpg,34.213218092918396,34.17978286743164,0.03343522548675537
/home/omen_pc1/photo_score_project/data/raw/spaq/10813.jpg,53.71267795562744,53.718101978302,0.005424022674560547
/home/omen_pc1/photo_score_project/data/raw/spaq/10482.jpg,72.98886775970459,72.9958713054657,0.0070035457611083984
