image_path,keras_score,tflite_score,diff
/home/omen_pc1/photo_score_project/data/raw/spaq/11090.jpg,57.374316453933716,57.37752914428711,0.0032126903533935547
/home/omen_pc1/photo_score_project/data/raw/spaq/11104.jpg,44.85198259353638,44.84092593193054,0.011056661605834961
/home/omen_pc1/photo_score_project/data/raw/spaq/10740.jpg,57.429808378219604,57.43205547332764,0.0022470951080322266
/home/omen_pc1/photo_score_project/data/raw/spaq/10141.jpg,70.52055597305298,70.5241858959198,0.003629922866821289
/home/omen_pc1/photo_score_project/data/raw/spaq/11019.jpg,44.022002816200256,44.01079714298248,0.011205673217773438
/home/omen_pc1/photo_score_project/data/raw/spaq/10528.jpg,34.213218092918396,34.19429361820221,0.018924474716186523
/home/omen_pc1/photo_score_project/data/raw/spaq/10813.jpg,53.71267795562744,53.717684745788574,0.0050067901611328125
/home/omen_pc1/photo_score_project/data/raw/spaq/10482.jpg,72.98886775970459,72.9909896850586,0.0021219253540039062
