image_path,keras_score,tflite_score,diff
/home/omen_pc1/photo_score_project/data/raw/koniq10k/images/7006279642.jpg,57.78464674949646,57.798850536346436,0.014203786849975586
/home/omen_pc1/photo_score_project/data/raw/koniq10k/images/7085413157.jpg,70.46212553977966,70.47483921051025,0.01271367073059082
/home/omen_pc1/photo_score_project/data/raw/koniq10k/images/8256049516.jpg,64.7757351398468,64.77950811386108,0.0037729740142822266
/home/omen_pc1/photo_score_project/data/raw/koniq10k/images/346617779.jpg,19.521313905715942,19.5316880941391,0.010374188423156738
/home/omen_pc1/photo_score_project/data/raw/koniq10k/images/5869591890.jpg,71.20385766029358,71.2114930152893,0.007635354995727539
/home/omen_pc1/photo_score_project/data/raw/koniq10k/images/8077318332.jpg,62.7765417098999,62.775832414627075,0.0007092952728271484
/home/omen_pc1/photo_score_project/data/raw/koniq10k/images/6938775083.jpg,57.12815523147583,57.13425874710083,0.006103515625
/home/omen_pc1/photo_score_project/data/raw/koniq10k/images/8985551582.jpg,35.77480614185333,35.75746715068817,0.017338991165161133
