image_path,keras_score,tflite_score,diff
/home/omen_pc1/photo_score_project/data/raw/koniq10k/images/7006279642.jpg,57.78464674949646,57.803380489349365,0.018733739852905273
/home/omen_pc1/photo_score_project/data/raw/koniq10k/images/7085413157.jpg,70.46212553977966,70.45166492462158,0.010460615158081055
/home/omen_pc1/photo_score_project/data/raw/koniq10k/images/8256049516.jpg,64.7757351398468,64.77060914039612,0.005125999450683594
/home/omen_pc1/photo_score_project/data/raw/koniq10k/images/346617779.jpg,19.521313905715942,19.529680907726288,0.008367002010345459
/home/omen_pc1/photo_score_project/data/raw/koniq10k/images/5869591890.jpg,71.20385766029358,71.22726440429688,0.0234067440032959
/home/omen_pc1/photo_score_project/data/raw/koniq10k/images/8077318332.jpg,62.7765417098999,62.785935401916504,0.009393692016601562
/home/omen_pc1/photo_score_project/data/raw/koniq10k/images/6938775083.jpg,57.12815523147583,57.163965702056885,0.03581047058105469
/home/omen_pc1/photo_score_project/data/raw/koniq10k/images/8985551582.jpg,35.77480614185333,35.781389474868774,0.0065833330154418945
