epoch,accuracy,auc,loss,val_accuracy,val_auc,val_loss
0,0.6875,0.5244054794311523,0.9705317616462708,0.625,0.5499999523162842,0.6787682175636292
