epoch,loss,mae,val_loss,val_mae
0,0.07042407989501953,0.2221558690071106,0.03032352775335312,0.15771251916885376
