dataset,image,keras,tflite_fp32,tflite_fp16,diff_fp32,diff_fp16
spaq,10001.jpg,48.13496768474579,48.14750552177429,48.14850389957428,0.012537837028503418,0.013536214828491211
spaq,10002.jpg,71.6376006603241,71.63726091384888,71.64279222488403,0.00033974647521972656,0.0051915645599365234
spaq,10003.jpg,45.86159288883209,45.86547911167145,45.88295221328735,0.0038862228393554688,0.02135932445526123
spaq,10004.jpg,36.227887868881226,36.222365498542786,36.21356785297394,0.005522370338439941,0.014320015907287598
spaq,10005.jpg,28.208738565444946,28.210920095443726,28.231245279312134,0.002181529998779297,0.0225067138671875
spaq,10006.jpg,51.09396576881409,51.086270809173584,51.07940435409546,0.00769495964050293,0.01456141471862793
spaq,10007.jpg,81.6798985004425,81.68574571609497,81.70689344406128,0.00584721565246582,0.026994943618774414
spaq,10008.jpg,56.08667731285095,56.09341859817505,56.10811710357666,0.00674128532409668,0.021439790725708008
