dataset,image,keras,tflite_fp32,tflite_fp16,diff_fp32,diff_fp16
koniq,6937719329.jpg,69.5894181728363,69.59371566772461,69.59931254386902,0.004297494888305664,0.009894371032714844
koniq,2489209226.jpg,56.151384115219116,56.14895224571228,56.10947608947754,0.0024318695068359375,0.04190802574157715
koniq,4157689684.jpg,57.17155933380127,57.177042961120605,57.165396213531494,0.0054836273193359375,0.006163120269775391
koniq,4651317050.jpg,22.933103144168854,22.94105738401413,22.942925989627838,0.007954239845275879,0.009822845458984375
koniq,6366586615.jpg,52.62412428855896,52.63373255729675,52.61659622192383,0.009608268737792969,0.007528066635131836
koniq,7348582056.jpg,72.82946109771729,72.83545136451721,72.84506559371948,0.005990266799926758,0.015604496002197266
koniq,3818998606.jpg,73.62598776817322,73.63325357437134,73.62473607063293,0.007265806198120117,0.0012516975402832031
koniq,4685744038.jpg,71.09145522117615,71.0978090763092,71.08920812606812,0.006353855133056641,0.0022470951080322266
