dataset,image,keras,tflite_fp32,tflite_fp16,diff_fp32,diff_fp16
flive,VOC2012__2011_006920.jpg,81.15754723548889,81.15401268005371,81.15589618682861,0.003534555435180664,0.0016510486602783203
flive,EMOTIC__COCO_train2014_000000473508.jpg,82.02703595161438,82.03260898590088,82.02813863754272,0.0055730342864990234,0.0011026859283447266
flive,AVA__911237.jpg,55.35560846328735,55.355167388916016,55.36913275718689,0.0004410743713378906,0.013524293899536133
flive,out_of_focus0650.jpg,71.80969715118408,71.80538773536682,71.79145216941833,0.004309415817260742,0.01824498176574707
flive,EMOTIC__COCO_train2014_000000353009.jpg,69.59412693977356,69.60062980651855,69.60840225219727,0.006502866744995117,0.014275312423706055
flive,JPEGImages__2008_006833.jpg,77.21916437149048,77.2228479385376,77.23156213760376,0.0036835670471191406,0.01239776611328125
flive,EMOTIC__COCO_val2014_000000188040.jpg,72.23363518714905,72.23925590515137,72.24299907684326,0.005620718002319336,0.009363889694213867
flive,JPEGImages__2008_002113.jpg,67.83774495124817,67.85609126091003,67.88157820701599,0.018346309661865234,0.043833255767822266
