epoch,train_type_loss,train_severity_loss,train_pair_loss,train_total_loss,train_type_accuracy,train_severity_mae,train_pair_accuracy,val_type_loss,val_severity_loss,val_pair_loss,val_total_loss,val_type_accuracy,val_severity_mae,val_pair_accuracy,val_supervised_samples,val_pair_samples
1,3.938405752182007,0.030505375936627388,7.310969829559326,4.700009346008301,0.10249999910593033,0.352193146944046,0.5274999737739563,2.5986249446868896,0.024385159835219383,2.1779985427856445,2.8408099588006737,0.1328125,0.29097190499305725,0.48828125,512,512
2,2.7356505393981934,0.023650502786040306,3.381894588470459,3.097491502761841,0.11375000327825546,0.28286635875701904,0.550000011920929,2.3560731410980225,0.022153522819280624,1.4262819290161133,2.5208548568189144,0.158203125,0.26945266127586365,0.5078125,512,512
