epoch,loss,mae,val_loss,val_mae
0,0.06951605528593063,0.21915441751480103,0.03703468665480614,0.17081350088119507
