epoch,accuracy,auc,loss,val_accuracy,val_auc,val_loss
1,0.6875,0.5387560129165649,0.6547465920448303,0.6875,0.45511364936828613,0.6550196409225464
