epoch,loss,mae,val_loss,val_mae
0,0.04813193529844284,0.17578797042369843,0.1358027309179306,0.3363471031188965
