{
  "Existing_Mobile": {
    "srcc": 0.33168032583825796,
    "plcc": 0.33616597253100067,
    "auc": 0.6486893338091347,
    "acc_5.0": 0.716,
    "best_acc": 0.716,
    "best_threshold": 4.800000000000002,
    "balanced_acc_5.0": 0.5294365529899363,
    "balanced_acc_best": 0.514496310306904,
    "f1_5.0": 0.8294294294294294,
    "f1_best": 0.8323494687131051,
    "mae": 0.5597707266043944,
    "emd": 0.0878390222787857,
    "pred_std": 0.3346976935863495,
    "pred_mean": 5.6173272132873535,
    "pred_pos_ratio": 0.9535,
    "latency_ms": 12.420395970344543,
    "size_mb": 23.617809295654297,
    "file": "models/aesthetic/nima_mobile.tflite"
  },
  "New_Fixed_FP32": {
    "srcc": 0.5984617867393058,
    "plcc": 0.6010625732860582,
    "auc": 0.8107812844443416,
    "acc_5.0": 0.5635,
    "best_acc": 0.7825,
    "best_threshold": 4.300000000000001,
    "balanced_acc_5.0": 0.6767679043590628,
    "balanced_acc_best": 0.6853871346083347,
    "f1_5.0": 0.5714285714285714,
    "f1_best": 0.8568608094768015,
    "mae": 0.7139226938032807,
    "emd": 0.10720209032297134,
    "pred_std": 0.5249656438827515,
    "pred_mean": 4.748922824859619,
    "pred_pos_ratio": 0.307,
    "latency_ms": 12.19063687324524,
    "size_mb": 23.61676025390625,
    "file": "outputs/nima_fixed_preproc_eval_20260525/nima_mobile_fixed_preproc_fp32.tflite"
  },
  "New_Fixed_FP16": {
    "srcc": 0.598626802538728,
    "plcc": 0.6011969150166314,
    "auc": 0.810847052203768,
    "acc_5.0": 0.5645,
    "best_acc": 0.7825,
    "best_threshold": 4.300000000000001,
    "balanced_acc_5.0": 0.6774706450477486,
    "balanced_acc_best": 0.6848719538261612,
    "f1_5.0": 0.5728298185384992,
    "f1_best": 0.8569549490299244,
    "mae": 0.7130963707709016,
    "emd": 0.10709163546562195,
    "pred_std": 0.524951159954071,
    "pred_mean": 4.749956130981445,
    "pred_pos_ratio": 0.308,
    "latency_ms": 12.280099391937256,
    "size_mb": 11.916370391845703,
    "file": "outputs/nima_fixed_preproc_eval_20260525/nima_mobile_fixed_preproc_fp16.tflite"
  },
  "Fixed_Keras_Best": {
    "srcc": 0.598466117990603,
    "plcc": 0.6010730971515292,
    "auc": 0.8107617977008079,
    "acc_5.0": 0.564,
    "best_acc": 0.7825,
    "best_threshold": 4.300000000000001,
    "balanced_acc_5.0": 0.6771192747034057,
    "balanced_acc_best": 0.6853871346083347,
    "f1_5.0": 0.5721295387634936,
    "f1_best": 0.8568608094768015,
    "mae": 0.713880229546994,
    "emd": 0.10719570517539978,
    "pred_std": 0.5249606370925903,
    "pred_mean": 4.7489728927612305,
    "pred_pos_ratio": 0.3075,
    "latency_ms": 49.049683928489685,
    "size_mb": 119.30512237548828,
    "file": "checkpoints/nima_ava_gpu_fixed_preproc_20260525/best.weights.h5"
  }
}