{
  "alamp_full_ava": {
    "accuracy": 0.7049199577282869,
    "f1": 0.764678340668602,
    "precision": 0.883129055515501,
    "recall": 0.6742445092750592,
    "balanced_accuracy": 0.7273281608959961,
    "roc_auc": 0.8054683349102372,
    "average_precision": 0.9060596990525839,
    "confusion_matrix": {
      "tn": 5761,
      "fp": 1621,
      "fn": 5918,
      "tp": 12249
    },
    "prediction_stats": {
      "min": 0.0006669581052847207,
      "max": 0.9999999403953552,
      "mean": 0.5288092494010925,
      "std": 0.2690891623497009
    }
  },
  "rgnet_aadb_tf": {
    "srcc": 0.6819406534281355,
    "plcc": 0.6877976279236531,
    "mae": 0.11974562776130437,
    "rmse": 0.14859337693547958,
    "prediction_stats": {
      "min": 0.08270874619483948,
      "max": 0.9553248882293701,
      "mean": 0.5198026299476624,
      "std": 0.1559181958436966
    }
  },
  "rgnet_aadb_pil": {
    "srcc": 0.6139209634395925,
    "plcc": 0.631092333301772,
    "mae": 0.14811174837243557,
    "rmse": 0.18276068723847247,
    "prediction_stats": {
      "min": 0.07474011182785034,
      "max": 0.9535722732543945,
      "mean": 0.43996644020080566,
      "std": 0.16497085988521576
    }
  }
}