{
  "selector_name": "v4_1024_gpu",
  "test_metrics": {
    "accuracy": 0.712890625,
    "precision": 0.712890625,
    "recall": 1.0,
    "specificity": 0.0,
    "f1": 0.8323831242873432,
    "roc_auc": 0.6482014723697698,
    "average_precision": 0.8016690463004198,
    "bce_loss": 0.5746980905532837,
    "confusion_matrix": {
      "tn": 0,
      "fp": 294,
      "fn": 0,
      "tp": 730
    },
    "seconds_per_image": 0.011289517628028989,
    "total_samples": 1024
  },
  "val_metrics": {
    "accuracy": 0.705078125,
    "precision": 0.705078125,
    "recall": 1.0,
    "specificity": 0.0,
    "f1": 0.827033218785796,
    "roc_auc": 0.6304415622534901,
    "average_precision": 0.7950442250375147,
    "bce_loss": 0.5855761170387268,
    "confusion_matrix": {
      "tn": 0,
      "fp": 302,
      "fn": 0,
      "tp": 722
    },
    "seconds_per_image": 0.009340175427496433,
    "total_samples": 1024
  }
}