{
  "selections": {
    "threshold_0_50_baseline": {
      "threshold": 0.5,
      "val_accuracy": 0.705078125,
      "val_balanced_accuracy": 0.5,
      "val_precision": 0.705078125,
      "val_recall": 1.0,
      "val_specificity": 0.0,
      "val_f1": 0.827033218785796,
      "val_youden_j": 0.0,
      "val_tn": 0.0,
      "val_fp": 302.0,
      "val_fn": 0.0,
      "val_tp": 722.0,
      "val_pos_preds": 1024.0,
      "val_neg_preds": 0.0,
      "test_accuracy": 0.712890625,
      "test_balanced_accuracy": 0.5,
      "test_precision": 0.712890625,
      "test_recall": 1.0,
      "test_specificity": 0.0,
      "test_f1": 0.8323831242873432,
      "test_youden_j": 0.0,
      "test_tn": 0.0,
      "test_fp": 294.0,
      "test_fn": 0.0,
      "test_tp": 730.0,
      "test_pos_preds": 1024.0,
      "test_neg_preds": 0.0
    },
    "best_validation_f1": {
      "threshold": 0.01,
      "val_accuracy": 0.705078125,
      "val_balanced_accuracy": 0.5,
      "val_precision": 0.705078125,
      "val_recall": 1.0,
      "val_specificity": 0.0,
      "val_f1": 0.827033218785796,
      "val_youden_j": 0.0,
      "val_tn": 0.0,
      "val_fp": 302.0,
      "val_fn": 0.0,
      "val_tp": 722.0,
      "val_pos_preds": 1024.0,
      "val_neg_preds": 0.0,
      "test_accuracy": 0.712890625,
      "test_balanced_accuracy": 0.5,
      "test_precision": 0.712890625,
      "test_recall": 1.0,
      "test_specificity": 0.0,
      "test_f1": 0.8323831242873432,
      "test_youden_j": 0.0,
      "test_tn": 0.0,
      "test_fp": 294.0,
      "test_fn": 0.0,
      "test_tp": 730.0,
      "test_pos_preds": 1024.0,
      "test_neg_preds": 0.0
    },
    "best_validation_balanced_accuracy": {
      "threshold": 0.72,
      "val_accuracy": 0.5673828125,
      "val_balanced_accuracy": 0.6074966520518794,
      "val_precision": 0.8052516411378556,
      "val_recall": 0.5096952908587258,
      "val_specificity": 0.7052980132450332,
      "val_f1": 0.6242578456318915,
      "val_youden_j": 0.21499330410375883,
      "val_tn": 213.0,
      "val_fp": 89.0,
      "val_fn": 354.0,
      "val_tp": 368.0,
      "val_pos_preds": 457.0,
      "val_neg_preds": 567.0,
      "test_accuracy": 0.5791015625,
      "test_balanced_accuracy": 0.6113456341440686,
      "test_precision": 0.8095238095238095,
      "test_recall": 0.5356164383561643,
      "test_specificity": 0.6870748299319728,
      "test_f1": 0.6446826051112943,
      "test_youden_j": 0.22269126828813723,
      "test_tn": 202.0,
      "test_fp": 92.0,
      "test_fn": 339.0,
      "test_tp": 391.0,
      "test_pos_preds": 483.0,
      "test_neg_preds": 541.0
    },
    "best_validation_youden_j": {
      "threshold": 0.72,
      "val_accuracy": 0.5673828125,
      "val_balanced_accuracy": 0.6074966520518794,
      "val_precision": 0.8052516411378556,
      "val_recall": 0.5096952908587258,
      "val_specificity": 0.7052980132450332,
      "val_f1": 0.6242578456318915,
      "val_youden_j": 0.21499330410375883,
      "val_tn": 213.0,
      "val_fp": 89.0,
      "val_fn": 354.0,
      "val_tp": 368.0,
      "val_pos_preds": 457.0,
      "val_neg_preds": 567.0,
      "test_accuracy": 0.5791015625,
      "test_balanced_accuracy": 0.6113456341440686,
      "test_precision": 0.8095238095238095,
      "test_recall": 0.5356164383561643,
      "test_specificity": 0.6870748299319728,
      "test_f1": 0.6446826051112943,
      "test_youden_j": 0.22269126828813723,
      "test_tn": 202.0,
      "test_fp": 92.0,
      "test_fn": 339.0,
      "test_tp": 391.0,
      "test_pos_preds": 483.0,
      "test_neg_preds": 541.0
    },
    "spec_0_30": {
      "threshold": 0.62,
      "val_accuracy": 0.65625,
      "val_balanced_accuracy": 0.5597585808368952,
      "val_precision": 0.7377892030848329,
      "val_recall": 0.7950138504155124,
      "val_specificity": 0.32450331125827814,
      "val_f1": 0.7653333333333333,
      "val_youden_j": 0.11951716167379045,
      "val_tn": 98.0,
      "val_fp": 204.0,
      "val_fn": 148.0,
      "val_tp": 574.0,
      "val_pos_preds": 778.0,
      "val_neg_preds": 246.0,
      "test_accuracy": 0.677734375,
      "test_balanced_accuracy": 0.5718385984530798,
      "test_precision": 0.7506265664160401,
      "test_recall": 0.8205479452054795,
      "test_specificity": 0.3231292517006803,
      "test_f1": 0.7840314136125655,
      "test_youden_j": 0.14367719690615965,
      "test_tn": 95.0,
      "test_fp": 199.0,
      "test_fn": 131.0,
      "test_tp": 599.0,
      "test_pos_preds": 798.0,
      "test_neg_preds": 226.0
    },
    "spec_0_50": {
      "threshold": 0.67,
      "val_accuracy": 0.6162109375,
      "val_balanced_accuracy": 0.5824099722991689,
      "val_precision": 0.7606973058637084,
      "val_recall": 0.6648199445983379,
      "val_specificity": 0.5,
      "val_f1": 0.7095343680709535,
      "val_youden_j": 0.16481994459833782,
      "val_tn": 151.0,
      "val_fp": 151.0,
      "val_fn": 242.0,
      "val_tp": 480.0,
      "val_pos_preds": 631.0,
      "val_neg_preds": 393.0,
      "test_accuracy": 0.6455078125,
      "test_balanced_accuracy": 0.6132280309384028,
      "test_precision": 0.7871674491392802,
      "test_recall": 0.689041095890411,
      "test_specificity": 0.5374149659863946,
      "test_f1": 0.7348429510591673,
      "test_youden_j": 0.22645606187680567,
      "test_tn": 158.0,
      "test_fp": 136.0,
      "test_fn": 227.0,
      "test_tp": 503.0,
      "test_pos_preds": 639.0,
      "test_neg_preds": 385.0
    },
    "spec_0_70": {
      "threshold": 0.72,
      "val_accuracy": 0.5673828125,
      "val_balanced_accuracy": 0.6074966520518794,
      "val_precision": 0.8052516411378556,
      "val_recall": 0.5096952908587258,
      "val_specificity": 0.7052980132450332,
      "val_f1": 0.6242578456318915,
      "val_youden_j": 0.21499330410375883,
      "val_tn": 213.0,
      "val_fp": 89.0,
      "val_fn": 354.0,
      "val_tp": 368.0,
      "val_pos_preds": 457.0,
      "val_neg_preds": 567.0,
      "test_accuracy": 0.5791015625,
      "test_balanced_accuracy": 0.6113456341440686,
      "test_precision": 0.8095238095238095,
      "test_recall": 0.5356164383561643,
      "test_specificity": 0.6870748299319728,
      "test_f1": 0.6446826051112943,
      "test_youden_j": 0.22269126828813723,
      "test_tn": 202.0,
      "test_fp": 92.0,
      "test_fn": 339.0,
      "test_tp": 391.0,
      "test_pos_preds": 483.0,
      "test_neg_preds": 541.0
    }
  }
}