{
  "num_samples": 512,
  "target_min": 0.0,
  "target_max": 0.949999988079071,
  "prediction_min": 0.36288386583328247,
  "prediction_max": 0.5657248497009277,
  "mae": 0.1468396782875061,
  "mse": 0.032687075436115265,
  "rmse": 0.1807956731675713,
  "plcc_pearson": 0.3631091704271498,
  "srcc_spearman": 0.3437880381005618,
  "top_k": 50,
  "top_k_overlap": 0.2,
  "pairwise_pairs_scored": 4637,
  "pairwise_accuracy": 0.6271296096614191,
  "model_name": "alamp_ava_on_aadb_val512",
  "model_type": "alamp_keras",
  "model_path": "outputs/ava_retrain_rgnet_alamp_20260506/alamp_ava_unit/final_model.keras",
  "csv": "outputs/ava_retrain_rgnet_alamp_20260506/subsets/aadb_val_subset_512.csv",
  "target_col": "score",
  "elapsed_seconds": 30.181357924999247,
  "seconds_per_image": 0.058947964697264155,
  "io_details": null
}
