{
  "num_samples": 512,
  "target_min": 0.0,
  "target_max": 0.949999988079071,
  "prediction_min": 0.22958475351333618,
  "prediction_max": 0.9044110178947449,
  "mae": 0.12924160063266754,
  "mse": 0.02543933317065239,
  "rmse": 0.1594971259009152,
  "plcc_pearson": 0.585457577954633,
  "srcc_spearman": 0.5834526818871599,
  "top_k": 50,
  "top_k_overlap": 0.48,
  "pairwise_pairs_scored": 4637,
  "pairwise_accuracy": 0.7075695492775501,
  "model_name": "alamp_aadb_on_aadb_val512",
  "model_type": "alamp_keras",
  "model_path": "checkpoints/alamp_aadb_gpu/final_model.keras",
  "csv": "outputs/ava_retrain_rgnet_alamp_20260506/subsets/aadb_val_subset_512.csv",
  "target_col": "score",
  "elapsed_seconds": 29.77150629699827,
  "seconds_per_image": 0.05814747323632474,
  "io_details": null
}
