{
  "num_samples": 512,
  "target_min": 0.200453519821167,
  "target_max": 0.7435896992683411,
  "prediction_min": 0.25227004289627075,
  "prediction_max": 0.8967282176017761,
  "mae": 0.09715361148118973,
  "mse": 0.01515752449631691,
  "rmse": 0.12311589863342959,
  "plcc_pearson": 0.2995861911376333,
  "srcc_spearman": 0.28798525065418834,
  "top_k": 50,
  "top_k_overlap": 0.2,
  "pairwise_pairs_scored": 4999,
  "pairwise_accuracy": 0.5987197439487898,
  "model_name": "alamp_aadb_on_ava_val512",
  "model_type": "alamp_keras",
  "model_path": "checkpoints/alamp_aadb_gpu/final_model.keras",
  "csv": "outputs/ava_retrain_rgnet_alamp_20260506/subsets/ava_val_unit_subset_512.csv",
  "target_col": "aesthetic_unit_score",
  "elapsed_seconds": 29.099838426000133,
  "seconds_per_image": 0.05683562192578151,
  "io_details": null
}
