{
  "num_samples": 512,
  "target_min": 0.0,
  "target_max": 0.949999988079071,
  "prediction_min": 0.13907641172409058,
  "prediction_max": 0.8987628221511841,
  "mae": 0.10909918695688248,
  "mse": 0.01889752224087715,
  "rmse": 0.13746825903050183,
  "plcc_pearson": 0.6824431859254804,
  "srcc_spearman": 0.6721682444895459,
  "top_k": 50,
  "top_k_overlap": 0.52,
  "pairwise_pairs_scored": 4637,
  "pairwise_accuracy": 0.751347854216088,
  "model_name": "alamp_ava_aadb_finetune_on_aadb_val512",
  "model_type": "alamp_keras",
  "model_path": "outputs/ava_pretrain_aadb_finetune_20260507/alamp_ava_pretrain_aadb_finetune/final_model.keras",
  "csv": "outputs/ava_retrain_rgnet_alamp_20260506/subsets/aadb_val_subset_512.csv",
  "target_col": "score",
  "elapsed_seconds": 30.769764388998738,
  "seconds_per_image": 0.06009719607226316,
  "io_details": null
}
