{
  "num_samples": 512,
  "target_min": 0.200453519821167,
  "target_max": 0.7435896992683411,
  "prediction_min": 0.17428934574127197,
  "prediction_max": 0.8874219059944153,
  "mae": 0.12558408081531525,
  "mse": 0.023448660969734192,
  "rmse": 0.15312955615992033,
  "plcc_pearson": 0.4615620128354287,
  "srcc_spearman": 0.45150581922033384,
  "top_k": 50,
  "top_k_overlap": 0.32,
  "pairwise_pairs_scored": 4999,
  "pairwise_accuracy": 0.654130826165233,
  "model_name": "alamp_ava_aadb_finetune_on_ava_val512",
  "model_type": "alamp_keras",
  "model_path": "outputs/ava_pretrain_aadb_finetune_20260507/alamp_ava_pretrain_aadb_finetune/final_model.keras",
  "csv": "outputs/ava_retrain_rgnet_alamp_20260506/subsets/ava_val_unit_subset_512.csv",
  "target_col": "aesthetic_unit_score",
  "elapsed_seconds": 29.330034006999995,
  "seconds_per_image": 0.057285222669921865,
  "io_details": null
}
