{
  "num_samples": 512,
  "target_min": 0.200453519821167,
  "target_max": 0.7435896992683411,
  "prediction_min": 0.2352927327156067,
  "prediction_max": 0.6065285205841064,
  "mae": 0.059895437210798264,
  "mse": 0.005968018434941769,
  "rmse": 0.07725295097885755,
  "plcc_pearson": 0.5697033492435943,
  "srcc_spearman": 0.5612942012718247,
  "top_k": 50,
  "top_k_overlap": 0.36,
  "pairwise_pairs_scored": 4999,
  "pairwise_accuracy": 0.7035407081416283,
  "model_name": "rgnet_ava_on_ava_val512",
  "model_type": "rgnet_keras",
  "model_path": "outputs/ava_retrain_rgnet_alamp_20260506/rgnet_ava_unit/final_model.keras",
  "csv": "outputs/ava_retrain_rgnet_alamp_20260506/subsets/ava_val_unit_subset_512.csv",
  "target_col": "aesthetic_unit_score",
  "elapsed_seconds": 10.544374109000273,
  "seconds_per_image": 0.02059448068164116,
  "io_details": null
}
