{
  "num_samples": 512,
  "target_min": 0.0,
  "target_max": 0.949999988079071,
  "prediction_min": 0.24291428923606873,
  "prediction_max": 0.5547016263008118,
  "mae": 0.1630464345216751,
  "mse": 0.03960523009300232,
  "rmse": 0.19901062809056785,
  "plcc_pearson": 0.3271325979252089,
  "srcc_spearman": 0.28915569377956246,
  "top_k": 50,
  "top_k_overlap": 0.34,
  "pairwise_pairs_scored": 4637,
  "pairwise_accuracy": 0.6012508087125297,
  "model_name": "rgnet_ava_on_aadb_val512",
  "model_type": "rgnet_keras",
  "model_path": "outputs/ava_retrain_rgnet_alamp_20260506/rgnet_ava_unit/final_model.keras",
  "csv": "outputs/ava_retrain_rgnet_alamp_20260506/subsets/aadb_val_subset_512.csv",
  "target_col": "score",
  "elapsed_seconds": 10.596752180999829,
  "seconds_per_image": 0.02069678160351529,
  "io_details": null
}
