{
  "num_samples": 512,
  "target_min": 0.0,
  "target_max": 0.949999988079071,
  "prediction_min": 0.11345317959785461,
  "prediction_max": 0.8656279444694519,
  "mae": 0.11035995185375214,
  "mse": 0.019062254577875137,
  "rmse": 0.13806612393297327,
  "plcc_pearson": 0.6835216300102603,
  "srcc_spearman": 0.6749177647031382,
  "top_k": 50,
  "top_k_overlap": 0.52,
  "pairwise_pairs_scored": 4637,
  "pairwise_accuracy": 0.751347854216088,
  "model_name": "rgnet_ava_aadb_finetune_on_aadb_val512",
  "model_type": "rgnet_keras",
  "model_path": "outputs/ava_pretrain_aadb_finetune_20260507/rgnet_ava_pretrain_aadb_finetune/final_model.keras",
  "csv": "outputs/ava_retrain_rgnet_alamp_20260506/subsets/aadb_val_subset_512.csv",
  "target_col": "score",
  "elapsed_seconds": 10.663696827001331,
  "seconds_per_image": 0.020827532865236975,
  "io_details": null
}
