{
  "num_samples": 512,
  "target_min": 0.200453519821167,
  "target_max": 0.7435896992683411,
  "prediction_min": 0.3328454792499542,
  "prediction_max": 0.8217777013778687,
  "mae": 0.10235976427793503,
  "mse": 0.015889646485447884,
  "rmse": 0.1260541410880574,
  "plcc_pearson": 0.1930042035146729,
  "srcc_spearman": 0.17897855675092428,
  "top_k": 50,
  "top_k_overlap": 0.18,
  "pairwise_pairs_scored": 4999,
  "pairwise_accuracy": 0.5539107821564313,
  "model_name": "rgnet_aadb_on_ava_val512",
  "model_type": "rgnet_keras",
  "model_path": "checkpoints/rgnet_aadb_gpu/final_model.keras",
  "csv": "outputs/ava_retrain_rgnet_alamp_20260506/subsets/ava_val_unit_subset_512.csv",
  "target_col": "aesthetic_unit_score",
  "elapsed_seconds": 10.39562178000051,
  "seconds_per_image": 0.020303948789063497,
  "io_details": null
}
