{
  "num_samples": 512,
  "target_min": 0.200453519821167,
  "target_max": 0.7435896992683411,
  "prediction_min": 0.13504256308078766,
  "prediction_max": 0.8677625060081482,
  "mae": 0.1510574370622635,
  "mse": 0.032691679894924164,
  "rmse": 0.180808406593621,
  "plcc_pearson": 0.5168676245372462,
  "srcc_spearman": 0.48653126867704927,
  "top_k": 50,
  "top_k_overlap": 0.38,
  "pairwise_pairs_scored": 4999,
  "pairwise_accuracy": 0.6673334666933387,
  "model_name": "rgnet_ava_aadb_finetune_on_ava_val512",
  "model_type": "rgnet_keras",
  "model_path": "outputs/ava_pretrain_aadb_finetune_20260507/rgnet_ava_pretrain_aadb_finetune/final_model.keras",
  "csv": "outputs/ava_retrain_rgnet_alamp_20260506/subsets/ava_val_unit_subset_512.csv",
  "target_col": "aesthetic_unit_score",
  "elapsed_seconds": 10.521504231001018,
  "seconds_per_image": 0.020549812951173863,
  "io_details": null
}
