{
  "num_samples": 512,
  "target_min": 0.0,
  "target_max": 0.949999988079071,
  "prediction_min": 0.25935032963752747,
  "prediction_max": 0.8216012716293335,
  "mae": 0.13039630651474,
  "mse": 0.026201171800494194,
  "rmse": 0.1618677602257293,
  "plcc_pearson": 0.509393876129916,
  "srcc_spearman": 0.4983088861097594,
  "top_k": 50,
  "top_k_overlap": 0.46,
  "pairwise_pairs_scored": 4637,
  "pairwise_accuracy": 0.6810437783049386,
  "model_name": "rgnet_aadb_on_aadb_val512",
  "model_type": "rgnet_keras",
  "model_path": "checkpoints/rgnet_aadb_gpu/final_model.keras",
  "csv": "outputs/ava_retrain_rgnet_alamp_20260506/subsets/aadb_val_subset_512.csv",
  "target_col": "score",
  "elapsed_seconds": 10.790971271000672,
  "seconds_per_image": 0.021076115763673187,
  "io_details": null
}
