{
  "selector_name": "v4_1024_gpu_tuned_cw22_p2short",
  "test_metrics": {
    "accuracy": 0.6474609375,
    "precision": 0.7609618104667609,
    "recall": 0.736986301369863,
    "specificity": 0.42517006802721086,
    "f1": 0.7487821851078637,
    "roc_auc": 0.6445485043332401,
    "average_precision": 0.8081771521540637,
    "bce_loss": 0.7798317670822144,
    "confusion_matrix": {
      "tn": 125,
      "fp": 169,
      "fn": 192,
      "tp": 538
    },
    "seconds_per_image": 0.011358445277437568,
    "total_samples": 1024
  },
  "val_metrics": {
    "accuracy": 0.66015625,
    "precision": 0.7626404494382022,
    "recall": 0.7520775623268698,
    "specificity": 0.44039735099337746,
    "f1": 0.7573221757322176,
    "roc_auc": 0.6686448606703235,
    "average_precision": 0.8186265981124017,
    "bce_loss": 0.7247733473777771,
    "confusion_matrix": {
      "tn": 133,
      "fp": 169,
      "fn": 179,
      "tp": 543
    },
    "seconds_per_image": 0.009380814852192998,
    "total_samples": 1024
  }
}