epoch,loss,mae,val_loss,val_mae
0,0.029276009649038315,0.13326579332351685,0.05772508308291435,0.21378284692764282
