epoch,loss,mae,val_loss,val_mae
0,0.04856429621577263,0.1791512370109558,0.1565646082162857,0.3489096760749817
