epoch,loss,mae,val_loss,val_mae
0,0.047216471284627914,0.18030044436454773,0.11675402522087097,0.2874452471733093
