epoch,loss,mae,val_loss,val_mae
0,0.042398665100336075,0.16810204088687897,0.077455073595047,0.2360754907131195
