dataset,model,n,mae,rmse,srcc,plcc,bias,y_true_mean,y_true_std,y_pred_mean,y_pred_std,std_ratio,avg_ms_per_image,status
spaq_test,mobile_koniq,1125,13.034611706712509,16.173141698617588,0.8391529334222864,0.8369400788355258,-10.335807145351835,47.947911111111104,21.935921379045247,37.61210250854492,15.101485252380371,0.6884363319612544,5.813321431477864,OK
spaq_test,mobile_flive,1125,20.192840718248153,24.230605105666708,0.8083315201546596,0.6540862850877498,17.08070476582845,47.947911111111104,21.935921379045247,65.02861785888672,9.870063781738281,0.44994981570123915,5.786149130927192,OK
spaq_test,topiq_full_spaq,1125,7.165481983407338,9.13835139520052,0.9070221107151529,0.9106788003995628,0.9258688228713139,47.947911111111104,21.935921379045247,48.873779933982426,19.247690615530896,0.8774507476999649,14.391686545477974,OK
koniq_1024,topiq_full_spaq,128,8.691621313955991,10.946045993587093,0.674359484240476,0.7649982159277405,3.259254690921956,59.19854136722992,15.265171518744761,62.45779605815187,15.218931897448178,0.9969709071896241,15.728220343589783,OK
flive_1024,topiq_full_spaq,128,14.066096645852438,17.34279124151849,0.4376373374839772,0.4520133061799755,-12.998979996446407,71.88508172195766,5.604330368168751,58.88610172551125,12.868011629026412,2.2960837037933426,18.911272287368774,OK
