epoch,loss,mae,val_loss,val_mae
0,0.043457068502902985,0.17449091374874115,0.21773560345172882,0.4276641309261322
