epoch,train_type_loss,train_severity_loss,train_pair_loss,train_total_loss,train_type_accuracy,train_severity_mae,train_pair_accuracy,val_type_loss,val_severity_loss,val_pair_loss,val_total_loss,val_type_accuracy,val_severity_mae,val_pair_accuracy,val_supervised_samples,val_pair_samples
1,2.6549065113067627,0.02386946603655815,3.116702079772949,2.990445375442505,0.13224999606609344,0.2854367792606354,0.5379999876022339,2.201422691345215,0.020780522376298904,0.8304638862609863,2.3052496023476126,0.21630859375,0.25461408495903015,0.5810546875,2048,2048
2,2.1027169227600098,0.021164920181035995,1.218758225440979,2.245758295059204,0.23100000619888306,0.2580873668193817,0.5625,1.9349379539489746,0.020167680457234383,0.8649972677230835,2.0416053611785174,0.3037109375,0.24842549860477448,0.57177734375,2048,2048
3,1.820815920829773,0.020231077447533607,1.026777982711792,1.9437260627746582,0.33924999833106995,0.2488003522157669,0.6309999823570251,1.5485312938690186,0.019134853035211563,0.6139044165611267,1.6290565885603427,0.4404296875,0.23763257265090942,0.7021484375,2048,2048
4,1.5784320831298828,0.019753871485590935,0.9075509309768677,1.6889413595199585,0.4092499911785126,0.24389959871768951,0.6710000038146973,1.3660006523132324,0.01902151107788086,0.8924378156661987,1.474265944957733,0.501953125,0.2367631494998932,0.62353515625,2048,2048
5,1.3934077024459839,0.019080566242337227,0.7594392895698547,1.4884331226348877,0.48350000381469727,0.23712000250816345,0.7365000247955322,1.255854845046997,0.01919291727244854,0.6447588205337524,1.339523644372821,0.5419921875,0.23838692903518677,0.72900390625,2048,2048
