{
  "num_samples": 512,
  "target_min": 0.200453519821167,
  "target_max": 0.7435896992683411,
  "prediction_min": 0.29364094138145447,
  "prediction_max": 0.5987575650215149,
  "mae": 0.05298228561878204,
  "mse": 0.004701924975961447,
  "rmse": 0.06857058389689741,
  "plcc_pearson": 0.5566150269518059,
  "srcc_spearman": 0.5547780621004887,
  "top_k": 50,
  "top_k_overlap": 0.36,
  "pairwise_pairs_scored": 4999,
  "pairwise_accuracy": 0.7033406681336267,
  "model_name": "alamp_ava_on_ava_val512",
  "model_type": "alamp_keras",
  "model_path": "outputs/ava_retrain_rgnet_alamp_20260506/alamp_ava_unit/final_model.keras",
  "csv": "outputs/ava_retrain_rgnet_alamp_20260506/subsets/ava_val_unit_subset_512.csv",
  "target_col": "aesthetic_unit_score",
  "elapsed_seconds": 57.363103072999365,
  "seconds_per_image": 0.11203731068945189,
  "io_details": null
}
