{
  "num_samples": 512,
  "target_min": 0.0,
  "target_max": 0.949999988079071,
  "prediction_min": 0.36297833919525146,
  "prediction_max": 0.5655951499938965,
  "mae": 0.14684832096099854,
  "mse": 0.032689742743968964,
  "rmse": 0.18080304959808882,
  "plcc_pearson": 0.36277536576479213,
  "srcc_spearman": 0.3438365954417548,
  "top_k": 50,
  "top_k_overlap": 0.2,
  "pairwise_pairs_scored": 4637,
  "pairwise_accuracy": 0.6269139529868449,
  "model_name": "alamp_ava_on_aadb_val512",
  "model_type": "alamp_keras",
  "model_path": "outputs/ava_retrain_rgnet_alamp_20260506/alamp_ava_unit/final_model.keras",
  "csv": "outputs/ava_retrain_rgnet_alamp_20260506/subsets/aadb_val_subset_512.csv",
  "target_col": "score",
  "elapsed_seconds": 60.187496263002686,
  "seconds_per_image": 0.11755370363867712,
  "io_details": null
}
