{
  "num_samples": 512,
  "target_min": 0.200453519821167,
  "target_max": 0.7435896992683411,
  "prediction_min": 0.27625495195388794,
  "prediction_max": 0.5915697813034058,
  "mae": 0.05615680664777756,
  "mse": 0.005235394928604364,
  "rmse": 0.07235602897205155,
  "plcc_pearson": 0.5257426341768058,
  "srcc_spearman": 0.513610330156849,
  "top_k": 50,
  "top_k_overlap": 0.38,
  "pairwise_pairs_scored": 4999,
  "pairwise_accuracy": 0.6863372674534907,
  "model_name": "alamp_ava_tflite_on_ava_val512",
  "model_type": "alamp_tflite",
  "model_path": "outputs/ava_retrain_rgnet_alamp_20260506/tflite/alamp_ava_unit.tflite",
  "csv": "outputs/ava_retrain_rgnet_alamp_20260506/subsets/ava_val_unit_subset_512.csv",
  "target_col": "aesthetic_unit_score",
  "elapsed_seconds": 61.00993471199763,
  "seconds_per_image": 0.11916002873437037,
  "io_details": {
    "inputs": [
      {
        "name": "serving_default_global_view:0",
        "shape": [
          1,
          384,
          384,
          3
        ],
        "dtype": "float32",
        "quantization": [
          0.0,
          0.0
        ]
      },
      {
        "name": "serving_default_patches:0",
        "shape": [
          1,
          5,
          224,
          224,
          3
        ],
        "dtype": "float32",
        "quantization": [
          0.0,
          0.0
        ]
      }
    ],
    "outputs": [
      {
        "name": "StatefulPartitionedCall_1:0",
        "shape": [
          1,
          1
        ],
        "dtype": "float32",
        "quantization": [
          0.0,
          0.0
        ]
      }
    ]
  }
}
