{
  "num_samples": 512,
  "target_min": 0.200453519821167,
  "target_max": 0.7435896992683411,
  "prediction_min": 0.2355206459760666,
  "prediction_max": 0.6066097617149353,
  "mae": 0.05986102670431137,
  "mse": 0.005961376242339611,
  "rmse": 0.07720994911499172,
  "plcc_pearson": 0.5697285958773385,
  "srcc_spearman": 0.5612586171607651,
  "top_k": 50,
  "top_k_overlap": 0.36,
  "pairwise_pairs_scored": 4999,
  "pairwise_accuracy": 0.7027405481096219,
  "model_name": "rgnet_ava_on_ava_val512",
  "model_type": "rgnet_keras",
  "model_path": "outputs/ava_retrain_rgnet_alamp_20260506/rgnet_ava_unit/final_model.keras",
  "csv": "outputs/ava_retrain_rgnet_alamp_20260506/subsets/ava_val_unit_subset_512.csv",
  "target_col": "aesthetic_unit_score",
  "elapsed_seconds": 9.106452575999356,
  "seconds_per_image": 0.01778604018749874,
  "io_details": null
}
