{
  "num_samples": 512,
  "target_min": 0.0,
  "target_max": 0.949999988079071,
  "prediction_min": 0.2429416924715042,
  "prediction_max": 0.5548567175865173,
  "mae": 0.1630132496356964,
  "mse": 0.0395926758646965,
  "rmse": 0.19897908398798228,
  "plcc_pearson": 0.32673272652794305,
  "srcc_spearman": 0.2887457586267206,
  "top_k": 50,
  "top_k_overlap": 0.34,
  "pairwise_pairs_scored": 4637,
  "pairwise_accuracy": 0.6010351520379555,
  "model_name": "rgnet_ava_on_aadb_val512",
  "model_type": "rgnet_keras",
  "model_path": "outputs/ava_retrain_rgnet_alamp_20260506/rgnet_ava_unit/final_model.keras",
  "csv": "outputs/ava_retrain_rgnet_alamp_20260506/subsets/aadb_val_subset_512.csv",
  "target_col": "score",
  "elapsed_seconds": 10.78156116199898,
  "seconds_per_image": 0.021057736644529257,
  "io_details": null
}
