epoch,loss,mae,val_loss,val_mae
0,0.0378025621175766,0.15530432760715485,0.028942696750164032,0.12945854663848877
