epoch,learning_rate,loss,mae,val_loss,val_mae
0,9.999999747378752e-05,0.045805200934410095,0.1796383410692215,0.07771600782871246,0.2441013902425766
