{
  "model": "outputs/icaa_export_safe_v2_tflite_debug_20260514_222350/attempt_flatbuffer_no_onnxsim/icaa_dat_export_safe_v2_float32.tflite",
  "input_shape": [
    1,
    224,
    224,
    3
  ],
  "output_shape": [
    1,
    2
  ],
  "outputs": {
    "zero": [
      [
        0.5152620077133179,
        0.5379891395568848
      ]
    ],
    "one": [
      [
        0.5152620077133179,
        0.5379891395568848
      ]
    ],
    "random_normal": [
      [
        0.5152620077133179,
        0.5379891991615295
      ]
    ],
    "real_image": [
      [
        0.5152620077133179,
        0.5379891395568848
      ]
    ]
  },
  "diffs_vs_zero": {
    "zero": {
      "max_abs_diff": 0.0,
      "mean_abs_diff": 0.0
    },
    "one": {
      "max_abs_diff": 0.0,
      "mean_abs_diff": 0.0
    },
    "random_normal": {
      "max_abs_diff": 5.960464477539063e-08,
      "mean_abs_diff": 2.9802322387695312e-08
    },
    "real_image": {
      "max_abs_diff": 0.0,
      "mean_abs_diff": 0.0
    }
  }
}