{
  "selector_name": "v4_1024_gpu_tuned",
  "test_metrics": {
    "accuracy": 0.6748046875,
    "precision": 0.7608409986859396,
    "recall": 0.7931506849315069,
    "specificity": 0.38095238095238093,
    "f1": 0.7766599597585513,
    "roc_auc": 0.6629251700680272,
    "average_precision": 0.8181074862860868,
    "bce_loss": 0.725479006767273,
    "confusion_matrix": {
      "tn": 112,
      "fp": 182,
      "fn": 151,
      "tp": 579
    },
    "seconds_per_image": 0.011313846800476313,
    "total_samples": 1024
  },
  "val_metrics": {
    "accuracy": 0.6767578125,
    "precision": 0.7575757575757576,
    "recall": 0.796398891966759,
    "specificity": 0.39072847682119205,
    "f1": 0.7765023632680621,
    "roc_auc": 0.6711374768395368,
    "average_precision": 0.8203437037517952,
    "bce_loss": 0.7071390748023987,
    "confusion_matrix": {
      "tn": 118,
      "fp": 184,
      "fn": 147,
      "tp": 575
    },
    "seconds_per_image": 0.009348968742415309,
    "total_samples": 1024
  }
}