{
  "inputs": {
    "val_predictions": "outputs/alamp_paper_mpnet_selector_compare_20260512/eval/v4_1024_gpu_tuned/v4_1024_gpu_tuned/val_predictions.csv",
    "test_predictions": "outputs/alamp_paper_mpnet_selector_compare_20260512/eval/v4_1024_gpu_tuned/v4_1024_gpu_tuned/test_predictions.csv",
    "val_rows": 1024,
    "test_rows": 1024
  },
  "threshold_range": "0.01..0.99",
  "threshold_step": 0.01,
  "selection_split": "validation",
  "selections": {
    "threshold_0_50_baseline": {
      "threshold": 0.5,
      "val": {
        "accuracy": 0.6767578125,
        "balanced_accuracy": 0.5935636843939756,
        "precision": 0.7575757575757576,
        "recall": 0.796398891966759,
        "specificity": 0.39072847682119205,
        "f1": 0.7765023632680621,
        "youden_j": 0.1871273687879511,
        "confusion_matrix": {
          "tn": 118,
          "fp": 184,
          "fn": 147,
          "tp": 575
        }
      },
      "test": {
        "accuracy": 0.6748046875,
        "balanced_accuracy": 0.5870515329419439,
        "precision": 0.7608409986859396,
        "recall": 0.7931506849315069,
        "specificity": 0.38095238095238093,
        "f1": 0.7766599597585513,
        "youden_j": 0.1741030658838878,
        "confusion_matrix": {
          "tn": 112,
          "fp": 182,
          "fn": 151,
          "tp": 579
        }
      }
    },
    "best_validation_f1": {
      "threshold": 0.03,
      "val": {
        "accuracy": 0.705078125,
        "balanced_accuracy": 0.5028893250903488,
        "precision": 0.706286836935167,
        "recall": 0.9958448753462604,
        "specificity": 0.009933774834437087,
        "f1": 0.8264367816091954,
        "youden_j": 0.005778650180697564,
        "confusion_matrix": {
          "tn": 3,
          "fp": 299,
          "fn": 3,
          "tp": 719
        }
      },
      "test": {
        "accuracy": 0.712890625,
        "balanced_accuracy": 0.5040629950610381,
        "precision": 0.7145669291338582,
        "recall": 0.9945205479452055,
        "specificity": 0.013605442176870748,
        "f1": 0.8316151202749141,
        "youden_j": 0.008125990122076265,
        "confusion_matrix": {
          "tn": 4,
          "fp": 290,
          "fn": 4,
          "tp": 726
        }
      }
    },
    "best_validation_balanced_accuracy": {
      "threshold": 0.81,
      "val": {
        "accuracy": 0.6005859375,
        "balanced_accuracy": 0.6406734420575664,
        "precision": 0.832271762208068,
        "recall": 0.5429362880886427,
        "specificity": 0.7384105960264901,
        "f1": 0.6571668063704945,
        "youden_j": 0.28134688411513276,
        "confusion_matrix": {
          "tn": 223,
          "fp": 79,
          "fn": 330,
          "tp": 392
        }
      },
      "test": {
        "accuracy": 0.587890625,
        "balanced_accuracy": 0.620557264001491,
        "precision": 0.8168724279835391,
        "recall": 0.5438356164383562,
        "specificity": 0.6972789115646258,
        "f1": 0.6529605263157895,
        "youden_j": 0.24111452800298205,
        "confusion_matrix": {
          "tn": 205,
          "fp": 89,
          "fn": 333,
          "tp": 397
        }
      }
    },
    "best_validation_youden_j": {
      "threshold": 0.81,
      "val": {
        "accuracy": 0.6005859375,
        "balanced_accuracy": 0.6406734420575664,
        "precision": 0.832271762208068,
        "recall": 0.5429362880886427,
        "specificity": 0.7384105960264901,
        "f1": 0.6571668063704945,
        "youden_j": 0.28134688411513276,
        "confusion_matrix": {
          "tn": 223,
          "fp": 79,
          "fn": 330,
          "tp": 392
        }
      },
      "test": {
        "accuracy": 0.587890625,
        "balanced_accuracy": 0.620557264001491,
        "precision": 0.8168724279835391,
        "recall": 0.5438356164383562,
        "specificity": 0.6972789115646258,
        "f1": 0.6529605263157895,
        "youden_j": 0.24111452800298205,
        "confusion_matrix": {
          "tn": 205,
          "fp": 89,
          "fn": 333,
          "tp": 397
        }
      }
    },
    "lowest_validation_specificity_ge_0_30": {
      "threshold": 0.41,
      "val": {
        "accuracy": 0.6904296875,
        "balanced_accuracy": 0.5772550494395626,
        "precision": 0.7448609431680774,
        "recall": 0.853185595567867,
        "specificity": 0.30132450331125826,
        "f1": 0.7953518398967075,
        "youden_j": 0.15451009887912526,
        "confusion_matrix": {
          "tn": 91,
          "fp": 211,
          "fn": 106,
          "tp": 616
        }
      },
      "test": {
        "accuracy": 0.693359375,
        "balanced_accuracy": 0.5827975025626689,
        "precision": 0.7555282555282555,
        "recall": 0.8424657534246576,
        "specificity": 0.3231292517006803,
        "f1": 0.7966321243523317,
        "youden_j": 0.16559500512533787,
        "confusion_matrix": {
          "tn": 95,
          "fp": 199,
          "fn": 115,
          "tp": 615
        }
      }
    },
    "lowest_validation_specificity_ge_0_50": {
      "threshold": 0.61,
      "val": {
        "accuracy": 0.6611328125,
        "balanced_accuracy": 0.6152290363412889,
        "precision": 0.7777777777777778,
        "recall": 0.7271468144044322,
        "specificity": 0.5033112582781457,
        "f1": 0.7516105941302792,
        "youden_j": 0.23045807268257779,
        "confusion_matrix": {
          "tn": 152,
          "fp": 150,
          "fn": 197,
          "tp": 525
        }
      },
      "test": {
        "accuracy": 0.671875,
        "balanced_accuracy": 0.6246109402665176,
        "precision": 0.7897058823529411,
        "recall": 0.7356164383561644,
        "specificity": 0.5136054421768708,
        "f1": 0.7617021276595745,
        "youden_j": 0.2492218805330353,
        "confusion_matrix": {
          "tn": 151,
          "fp": 143,
          "fn": 193,
          "tp": 537
        }
      }
    },
    "lowest_validation_specificity_ge_0_70": {
      "threshold": 0.79,
      "val": {
        "accuracy": 0.6083984375,
        "balanced_accuracy": 0.6365825246280568,
        "precision": 0.8216432865731463,
        "recall": 0.5678670360110804,
        "specificity": 0.7052980132450332,
        "f1": 0.6715806715806716,
        "youden_j": 0.2731650492561135,
        "confusion_matrix": {
          "tn": 213,
          "fp": 89,
          "fn": 312,
          "tp": 410
        }
      },
      "test": {
        "accuracy": 0.5947265625,
        "balanced_accuracy": 0.619257291957879,
        "precision": 0.8118811881188119,
        "recall": 0.5616438356164384,
        "specificity": 0.6768707482993197,
        "f1": 0.6639676113360324,
        "youden_j": 0.23851458391575808,
        "confusion_matrix": {
          "tn": 199,
          "fp": 95,
          "fn": 320,
          "tp": 410
        }
      }
    }
  }
}
