epoch,loss,mae,val_loss,val_mae
0,0.04335416853427887,0.16708001494407654,0.17236243188381195,0.3674493432044983
