epoch,accuracy,auc,loss,val_accuracy,val_auc,val_loss
1,0.6328125,0.5403508543968201,0.6666460633277893,0.6875,0.45056813955307007,0.6421538591384888
