{
  "selector_name": "strict",
  "test_metrics": {
    "accuracy": 0.70703125,
    "precision": 0.70703125,
    "recall": 1.0,
    "specificity": 0.0,
    "f1": 0.8283752860411899,
    "roc_auc": 0.5841620626151013,
    "average_precision": 0.7581606478750014,
    "bce_loss": 0.6087923049926758,
    "confusion_matrix": {
      "tn": 0,
      "fp": 75,
      "fn": 0,
      "tp": 181
    },
    "seconds_per_image": 0.19948898907750845,
    "total_samples": 256
  },
  "val_metrics": {
    "accuracy": 0.705078125,
    "precision": 0.705078125,
    "recall": 1.0,
    "specificity": 0.0,
    "f1": 0.827033218785796,
    "roc_auc": 0.5911834308671645,
    "average_precision": 0.7695119926637595,
    "bce_loss": 0.6004946231842041,
    "confusion_matrix": {
      "tn": 0,
      "fp": 302,
      "fn": 0,
      "tp": 722
    },
    "seconds_per_image": 0.19660386815667152,
    "total_samples": 1024
  }
}