{
  "v1": {
    "score": 0.10946375954172255,
    "iou": 0.009138829249244598,
    "obj": 0.078397212543554
  },
  "v2": {
    "score": 0.09205182707928491,
    "iou": 0.0034749353224782205,
    "obj": 0.05787843592721641
  }
}