epoch,loss,mae,val_loss,val_mae
0,0.04116382449865341,0.16481900215148926,0.0331503190100193,0.14084936678409576
