{
  "sample_count": 200,
  "practical": {
    "mae": 0.13117729493975638,
    "mse": 0.028185723329969933,
    "pearson": 0.4140964293386184,
    "spearman": 0.40380221931029625,
    "latency_avg_ms": 16.368412239967256,
    "score_mean": 0.48776357784867286,
    "score_std": 0.07789721067156886
  },
  "paper_fp16": {
    "mae": 0.15065681221812965,
    "mse": 0.032112987777817355,
    "pearson": 0.5184622684768131,
    "spearman": 0.48248553153860746,
    "latency_avg_ms": 132.7449523500445,
    "score_mean": 0.4212135957553983,
    "score_std": 0.13568047462743202
  },
  "ranking_agreement": 0.5048796219905498
}