{
  "selector_name": "v4_4096",
  "test_metrics": {
    "accuracy": 0.701416015625,
    "precision": 0.7864864864864864,
    "recall": 0.7975334018499486,
    "specificity": 0.46304163126593034,
    "f1": 0.7919714237115155,
    "roc_auc": 0.699983089144657,
    "average_precision": 0.8445134588120399,
    "bce_loss": 0.6364009380340576,
    "confusion_matrix": {
      "tn": 545,
      "fp": 632,
      "fn": 591,
      "tp": 2328
    },
    "seconds_per_image": 0.00997694063698873,
    "total_samples": 4096
  },
  "val_metrics": {
    "accuracy": 0.717529296875,
    "precision": 0.7983567271482369,
    "recall": 0.8041379310344827,
    "specificity": 0.5075250836120402,
    "f1": 0.8012369008761381,
    "roc_auc": 0.7160964709952716,
    "average_precision": 0.8465684175220956,
    "bce_loss": 0.6204824447631836,
    "confusion_matrix": {
      "tn": 607,
      "fp": 589,
      "fn": 568,
      "tp": 2332
    },
    "seconds_per_image": 0.009448059427086264,
    "total_samples": 4096
  }
}