epoch,loss,mae,val_loss,val_mae
0,0.040438130497932434,0.1663152426481247,0.033565204590559006,0.14817115664482117
