epoch,accuracy,auc,loss,val_accuracy,val_auc,val_loss
1,0.5078125,0.4440191090106964,0.7943532466888428,0.65625,0.7255681753158569,0.6307371854782104
