epoch,loss,mae,val_loss,val_mae
0,0.0450153723359108,0.17485931515693665,0.10292855650186539,0.2728855311870575
