model,n,mean,std,min,max,median
techiqa_stage4,44,68.06660477410664,8.282497316155588,44.103384017944336,78.08279991149902,69.91706192493439
techiqa_stage4b,44,68.8184143467383,7.968791875508693,45.84242403507233,78.89690399169922,70.70294320583344
techiqa_stage5_v2,44,68.52866804057902,8.982989066201613,42.96019673347473,79.3002188205719,70.23042142391205
techiqa_stage5_v3,44,68.79321946339174,8.570730730245979,44.204020500183105,78.99479866027832,70.53858041763306
topiq_mixed112,44,65.35092477094044,11.049299942873835,33.08739960193634,80.14389276504517,68.41828227043152
topiq_ranking,44,58.11564515937459,13.971893782148012,21.06354534626007,78.0996024608612,62.29081451892853
koniq_mobile,44,47.84320068359375,5.9323015213012695,33.128456115722656,59.249183654785156,47.87798309326172
flive_mobile,44,74.19212341308594,2.828556776046753,64.91363525390625,79.58248138427734,74.41307830810547
existing_avg,44,61.01766178824685,3.8997221008030873,50.83053207397461,67.62979125976562,61.62896537780762
