{
  "num_samples": 512,
  "target_min": 0.0,
  "target_max": 0.949999988079071,
  "prediction_min": 0.22928771376609802,
  "prediction_max": 0.9034411311149597,
  "mae": 0.12918773293495178,
  "mse": 0.02542182058095932,
  "rmse": 0.15944221705984685,
  "plcc_pearson": 0.5859304368880826,
  "srcc_spearman": 0.5843108869358908,
  "top_k": 50,
  "top_k_overlap": 0.48,
  "pairwise_pairs_scored": 4637,
  "pairwise_accuracy": 0.7080008626266983,
  "model_name": "alamp_aadb_on_aadb_val512",
  "model_type": "alamp_keras",
  "model_path": "checkpoints/alamp_aadb_gpu/final_model.keras",
  "csv": "outputs/ava_retrain_rgnet_alamp_20260506/subsets/aadb_val_subset_512.csv",
  "target_col": "score",
  "elapsed_seconds": 67.01124091199927,
  "seconds_per_image": 0.13088132990624857,
  "io_details": null
}
