{
  "num_samples": 512,
  "target_min": 0.200453519821167,
  "target_max": 0.7435896992683411,
  "prediction_min": 0.25255316495895386,
  "prediction_max": 0.8974494338035583,
  "mae": 0.09733263403177261,
  "mse": 0.0152762271463871,
  "rmse": 0.12359703534626994,
  "plcc_pearson": 0.29977356819275314,
  "srcc_spearman": 0.2893622127004929,
  "top_k": 50,
  "top_k_overlap": 0.2,
  "pairwise_pairs_scored": 4999,
  "pairwise_accuracy": 0.5999199839967994,
  "model_name": "alamp_aadb_on_ava_val512",
  "model_type": "alamp_keras",
  "model_path": "checkpoints/alamp_aadb_gpu/final_model.keras",
  "csv": "outputs/ava_retrain_rgnet_alamp_20260506/subsets/ava_val_unit_subset_512.csv",
  "target_col": "aesthetic_unit_score",
  "elapsed_seconds": 58.90619895599957,
  "seconds_per_image": 0.11505116983593666,
  "io_details": null
}
