{
  "num_samples": 512,
  "target_min": 0.200453519821167,
  "target_max": 0.7435896992683411,
  "prediction_min": 0.33343595266342163,
  "prediction_max": 0.8218228816986084,
  "mae": 0.1023443266749382,
  "mse": 0.01588371768593788,
  "rmse": 0.12603062201678558,
  "plcc_pearson": 0.1929944428597317,
  "srcc_spearman": 0.17884484811250803,
  "top_k": 50,
  "top_k_overlap": 0.18,
  "pairwise_pairs_scored": 4999,
  "pairwise_accuracy": 0.5541108221644329,
  "model_name": "rgnet_aadb_on_ava_val512",
  "model_type": "rgnet_keras",
  "model_path": "checkpoints/rgnet_aadb_gpu/final_model.keras",
  "csv": "outputs/ava_retrain_rgnet_alamp_20260506/subsets/ava_val_unit_subset_512.csv",
  "target_col": "aesthetic_unit_score",
  "elapsed_seconds": 9.907809410999107,
  "seconds_per_image": 0.01935119025585763,
  "io_details": null
}
