{
  "num_samples": 512,
  "target_min": 0.0,
  "target_max": 0.949999988079071,
  "prediction_min": 0.2595766484737396,
  "prediction_max": 0.8214824199676514,
  "mae": 0.13040411472320557,
  "mse": 0.02620016783475876,
  "rmse": 0.1618646590048574,
  "plcc_pearson": 0.5094317194572269,
  "srcc_spearman": 0.49870321834964165,
  "top_k": 50,
  "top_k_overlap": 0.46,
  "pairwise_pairs_scored": 4637,
  "pairwise_accuracy": 0.682122061677809,
  "model_name": "rgnet_aadb_on_aadb_val512",
  "model_type": "rgnet_keras",
  "model_path": "checkpoints/rgnet_aadb_gpu/final_model.keras",
  "csv": "outputs/ava_retrain_rgnet_alamp_20260506/subsets/aadb_val_subset_512.csv",
  "target_col": "score",
  "elapsed_seconds": 16.186982536999494,
  "seconds_per_image": 0.03161520026757714,
  "io_details": null
}
