{
  "V1": {
    "score": 0.10946375954172255,
    "iou": 0.009138829249244598,
    "obj": 0.078397212543554
  },
  "V2": {
    "score": 0.09205182707928491,
    "iou": 0.0034749353224782205,
    "obj": 0.05787843592721641
  },
  "V3": {
    "score": 0.5741512983538634,
    "iou": 0.025783689535030893,
    "obj": 0.0840108401084011
  }
}