image_path,mos,keras_pred_100,fp32_pred_100,fp16_pred_100,abs_diff_fp32,abs_diff_fp16
/home/omen_pc1/photo_score_project/data/raw/koniq10k/images/9724373732.jpg,65.8541666666667,57.00157880783081,57.00297951698303,56.990694999694824,0.0014007091522216797,0.010883808135986328
/home/omen_pc1/photo_score_project/data/raw/koniq10k/images/9725681826.jpg,66.4652777777778,76.52862668037415,76.52087807655334,76.50272846221924,0.007748603820800781,0.025898218154907227
/home/omen_pc1/photo_score_project/data/raw/koniq10k/images/9726620129.jpg,72.1918103448276,72.76001572608948,72.76241779327393,72.72897958755493,0.002402067184448242,0.0310361385345459
/home/omen_pc1/photo_score_project/data/raw/koniq10k/images/9727569377.jpg,70.9776785714286,74.95553493499756,74.9598741531372,74.92660284042358,0.0043392181396484375,0.02893209457397461
/home/omen_pc1/photo_score_project/data/raw/koniq10k/images/9727736297.jpg,56.7432432432432,58.70639085769653,58.697354793548584,58.67568850517273,0.009036064147949219,0.03070235252380371
/home/omen_pc1/photo_score_project/data/raw/koniq10k/images/9730872137.jpg,54.8584905660377,41.68672859668732,41.701215505599976,41.6834831237793,0.014486908912658691,0.0032454729080200195
/home/omen_pc1/photo_score_project/data/raw/koniq10k/images/9731493509.jpg,27.6597222222222,29.184341430664062,29.162099957466125,29.124262928962708,0.02224147319793701,0.06007850170135498
/home/omen_pc1/photo_score_project/data/raw/koniq10k/images/9732569997.jpg,73.7302631578947,67.91911125183105,67.92623400688171,67.92800426483154,0.00712275505065918,0.008893013000488281
