image_path,mos,keras_pred_100,fp32_pred_100,fp16_pred_100,abs_diff_fp32,abs_diff_fp16
/home/omen_pc1/photo_score_project/data/raw/flive/blur_dataset/out_of_focus0661.jpg,71.00978756960481,73.91304969787598,73.90726804733276,73.91499876976013,0.005781650543212891,0.0019490718841552734
/home/omen_pc1/photo_score_project/data/raw/flive/voc_emotic_ava/JPEGImages__2010_002242.jpg,76.56388867462432,73.2137143611908,73.23471307754517,73.2343316078186,0.020998716354370117,0.020617246627807617
/home/omen_pc1/photo_score_project/data/raw/flive/voc_emotic_ava/AVA__496101.jpg,70.58342419016677,67.72180199623108,67.74581670761108,67.74471998214722,0.024014711380004883,0.022917985916137695
/home/omen_pc1/photo_score_project/data/raw/flive/voc_emotic_ava/JPEGImages__2008_001770.jpg,71.04433924061128,80.11351823806763,80.10944724082947,80.11690378189087,0.00407099723815918,0.0033855438232421875
/home/omen_pc1/photo_score_project/data/raw/flive/voc_emotic_ava/EMOTIC__sun_dnxhxsnxwjesksua.jpg,66.32351352833037,73.47780466079712,73.46818447113037,73.47689270973206,0.009620189666748047,0.0009119510650634766
/home/omen_pc1/photo_score_project/data/raw/flive/voc_emotic_ava/VOC2012__2012_000277.jpg,68.7035670727415,70.5964744091034,70.59926986694336,70.60309648513794,0.0027954578399658203,0.0066220760345458984
/home/omen_pc1/photo_score_project/data/raw/flive/voc_emotic_ava/JPEGImages__2009_003193.jpg,71.37809991124915,77.8085470199585,77.82050371170044,77.82625555992126,0.01195669174194336,0.017708539962768555
/home/omen_pc1/photo_score_project/data/raw/flive/voc_emotic_ava/VOC2012__2010_000413.jpg,71.20037579647312,77.53204107284546,77.54829525947571,77.56823301315308,0.016254186630249023,0.03619194030761719
