image_path,mos,keras_pred_100,fp32_pred_100,fp16_pred_100,abs_diff_fp32,abs_diff_fp16
/home/omen_pc1/photo_score_project/data/raw/spaq/10001.jpg,61.0,52.53217816352844,52.51765251159668,52.50387787818909,0.014525651931762695,0.02830028533935547
/home/omen_pc1/photo_score_project/data/raw/spaq/10002.jpg,61.2,72.68140316009521,72.66683578491211,72.6530373096466,0.014567375183105469,0.0283658504486084
/home/omen_pc1/photo_score_project/data/raw/spaq/10003.jpg,40.6,43.8725084066391,43.841856718063354,43.84889304637909,0.03065168857574463,0.023615360260009766
/home/omen_pc1/photo_score_project/data/raw/spaq/10004.jpg,34.7,43.194904923439026,43.15706491470337,43.156689405441284,0.03784000873565674,0.0382155179977417
/home/omen_pc1/photo_score_project/data/raw/spaq/10005.jpg,21.8,29.94290292263031,29.92120087146759,29.891562461853027,0.021702051162719727,0.051340460777282715
/home/omen_pc1/photo_score_project/data/raw/spaq/10006.jpg,51.8,52.85783410072327,52.828145027160645,52.79134511947632,0.02968907356262207,0.06648898124694824
/home/omen_pc1/photo_score_project/data/raw/spaq/10007.jpg,84.5,83.29251408576965,83.29095244407654,83.29617977142334,0.0015616416931152344,0.0036656856536865234
/home/omen_pc1/photo_score_project/data/raw/spaq/10008.jpg,61.7,63.898926973342896,63.87608051300049,63.8840913772583,0.022846460342407227,0.014835596084594727
