epoch,loss,mae,val_loss,val_mae
0,0.040969736874103546,0.16671784222126007,0.03336068615317345,0.14677749574184418
