{
  "selector_name": "v4_1024_gpu_tuned_cw23_p2mid",
  "test_metrics": {
    "accuracy": 0.6669921875,
    "precision": 0.7690179806362379,
    "recall": 0.7616438356164383,
    "specificity": 0.43197278911564624,
    "f1": 0.7653131452167928,
    "roc_auc": 0.6463470319634703,
    "average_precision": 0.8137630176273049,
    "bce_loss": 0.7342516779899597,
    "confusion_matrix": {
      "tn": 127,
      "fp": 167,
      "fn": 174,
      "tp": 556
    },
    "seconds_per_image": 0.011281979037448764,
    "total_samples": 1024
  },
  "val_metrics": {
    "accuracy": 0.66796875,
    "precision": 0.7616438356164383,
    "recall": 0.7700831024930748,
    "specificity": 0.423841059602649,
    "f1": 0.7658402203856749,
    "roc_auc": 0.6611509603566252,
    "average_precision": 0.8136860267068788,
    "bce_loss": 0.7154513001441956,
    "confusion_matrix": {
      "tn": 128,
      "fp": 174,
      "fn": 166,
      "tp": 556
    },
    "seconds_per_image": 0.009346648352220654,
    "total_samples": 1024
  }
}