{
  "fusion_mode": "graphlite",
  "metrics_at_0_5": {
    "accuracy": 0.6962890625,
    "balanced_accuracy": 0.5929674744546972,
    "precision": 0.754017305315204,
    "recall": 0.8448753462603878,
    "specificity": 0.34105960264900664,
    "f1": 0.7968647942521228,
    "roc_auc": 0.6658701913375282,
    "average_precision": 0.8135201549451061,
    "bce_loss": 1.1250431537628174,
    "confusion_matrix": {
      "tn": 103,
      "fp": 199,
      "fn": 112,
      "tp": 610
    }
  },
  "seconds_per_image": 0.00035960692912340164,
  "total_samples": 1024
}