{
  "inputs": {
    "val_predictions": "outputs/alamp_paper_fusion_1024_graphlite_20260513/eval/val_predictions.csv",
    "test_predictions": "outputs/alamp_paper_fusion_1024_graphlite_20260513/eval/val_predictions.csv",
    "val_rows": 1024,
    "test_rows": 1024
  },
  "threshold_range": "0.01..0.99",
  "threshold_step": 0.01,
  "selection_split": "validation",
  "selections": {
    "threshold_0_50_baseline": {
      "threshold": 0.5,
      "val": {
        "accuracy": 0.6962890625,
        "balanced_accuracy": 0.5929674744546972,
        "precision": 0.754017305315204,
        "recall": 0.8448753462603878,
        "specificity": 0.34105960264900664,
        "f1": 0.7968647942521228,
        "youden_j": 0.18593494890939444,
        "confusion_matrix": {
          "tn": 103,
          "fp": 199,
          "fn": 112,
          "tp": 610
        }
      },
      "test": {
        "accuracy": 0.6962890625,
        "balanced_accuracy": 0.5929674744546972,
        "precision": 0.754017305315204,
        "recall": 0.8448753462603878,
        "specificity": 0.34105960264900664,
        "f1": 0.7968647942521228,
        "youden_j": 0.18593494890939444,
        "confusion_matrix": {
          "tn": 103,
          "fp": 199,
          "fn": 112,
          "tp": 610
        }
      }
    },
    "best_validation_f1": {
      "threshold": 0.02,
      "val": {
        "accuracy": 0.7109375,
        "balanced_accuracy": 0.5224541835592816,
        "precision": 0.7147177419354839,
        "recall": 0.981994459833795,
        "specificity": 0.06291390728476821,
        "f1": 0.8273045507584598,
        "youden_j": 0.044908367118563275,
        "confusion_matrix": {
          "tn": 19,
          "fp": 283,
          "fn": 13,
          "tp": 709
        }
      },
      "test": {
        "accuracy": 0.7109375,
        "balanced_accuracy": 0.5224541835592816,
        "precision": 0.7147177419354839,
        "recall": 0.981994459833795,
        "specificity": 0.06291390728476821,
        "f1": 0.8273045507584598,
        "youden_j": 0.044908367118563275,
        "confusion_matrix": {
          "tn": 19,
          "fp": 283,
          "fn": 13,
          "tp": 709
        }
      }
    },
    "best_validation_balanced_accuracy": {
      "threshold": 0.94,
      "val": {
        "accuracy": 0.634765625,
        "balanced_accuracy": 0.6398708517546917,
        "precision": 0.8118279569892473,
        "recall": 0.6274238227146814,
        "specificity": 0.652317880794702,
        "f1": 0.7078125,
        "youden_j": 0.27974170350938343,
        "confusion_matrix": {
          "tn": 197,
          "fp": 105,
          "fn": 269,
          "tp": 453
        }
      },
      "test": {
        "accuracy": 0.634765625,
        "balanced_accuracy": 0.6398708517546917,
        "precision": 0.8118279569892473,
        "recall": 0.6274238227146814,
        "specificity": 0.652317880794702,
        "f1": 0.7078125,
        "youden_j": 0.27974170350938343,
        "confusion_matrix": {
          "tn": 197,
          "fp": 105,
          "fn": 269,
          "tp": 453
        }
      }
    },
    "best_validation_youden_j": {
      "threshold": 0.94,
      "val": {
        "accuracy": 0.634765625,
        "balanced_accuracy": 0.6398708517546917,
        "precision": 0.8118279569892473,
        "recall": 0.6274238227146814,
        "specificity": 0.652317880794702,
        "f1": 0.7078125,
        "youden_j": 0.27974170350938343,
        "confusion_matrix": {
          "tn": 197,
          "fp": 105,
          "fn": 269,
          "tp": 453
        }
      },
      "test": {
        "accuracy": 0.634765625,
        "balanced_accuracy": 0.6398708517546917,
        "precision": 0.8118279569892473,
        "recall": 0.6274238227146814,
        "specificity": 0.652317880794702,
        "f1": 0.7078125,
        "youden_j": 0.27974170350938343,
        "confusion_matrix": {
          "tn": 197,
          "fp": 105,
          "fn": 269,
          "tp": 453
        }
      }
    },
    "lowest_validation_specificity_ge_0_30": {
      "threshold": 0.39,
      "val": {
        "accuracy": 0.7041015625,
        "balanced_accuracy": 0.5869503402982884,
        "precision": 0.7491082045184304,
        "recall": 0.8725761772853186,
        "specificity": 0.30132450331125826,
        "f1": 0.8061420345489443,
        "youden_j": 0.17390068059657682,
        "confusion_matrix": {
          "tn": 91,
          "fp": 211,
          "fn": 92,
          "tp": 630
        }
      },
      "test": {
        "accuracy": 0.7041015625,
        "balanced_accuracy": 0.5869503402982884,
        "precision": 0.7491082045184304,
        "recall": 0.8725761772853186,
        "specificity": 0.30132450331125826,
        "f1": 0.8061420345489443,
        "youden_j": 0.17390068059657682,
        "confusion_matrix": {
          "tn": 91,
          "fp": 211,
          "fn": 92,
          "tp": 630
        }
      }
    },
    "lowest_validation_specificity_ge_0_50": {
      "threshold": 0.84,
      "val": {
        "accuracy": 0.65234375,
        "balanced_accuracy": 0.6099594577241291,
        "precision": 0.7756024096385542,
        "recall": 0.7132963988919667,
        "specificity": 0.5066225165562914,
        "f1": 0.7431457431457431,
        "youden_j": 0.21991891544825815,
        "confusion_matrix": {
          "tn": 153,
          "fp": 149,
          "fn": 207,
          "tp": 515
        }
      },
      "test": {
        "accuracy": 0.65234375,
        "balanced_accuracy": 0.6099594577241291,
        "precision": 0.7756024096385542,
        "recall": 0.7132963988919667,
        "specificity": 0.5066225165562914,
        "f1": 0.7431457431457431,
        "youden_j": 0.21991891544825815,
        "confusion_matrix": {
          "tn": 153,
          "fp": 149,
          "fn": 207,
          "tp": 515
        }
      }
    },
    "lowest_validation_specificity_ge_0_70": {
      "threshold": 0.97,
      "val": {
        "accuracy": 0.5986328125,
        "balanced_accuracy": 0.6306204252352736,
        "precision": 0.8193018480492813,
        "recall": 0.5526315789473685,
        "specificity": 0.7086092715231788,
        "f1": 0.6600496277915633,
        "youden_j": 0.26124085047054724,
        "confusion_matrix": {
          "tn": 214,
          "fp": 88,
          "fn": 323,
          "tp": 399
        }
      },
      "test": {
        "accuracy": 0.5986328125,
        "balanced_accuracy": 0.6306204252352736,
        "precision": 0.8193018480492813,
        "recall": 0.5526315789473685,
        "specificity": 0.7086092715231788,
        "f1": 0.6600496277915633,
        "youden_j": 0.26124085047054724,
        "confusion_matrix": {
          "tn": 214,
          "fp": 88,
          "fn": 323,
          "tp": 399
        }
      }
    }
  }
}