epoch,loss,mae,val_loss,val_mae
0,0.04830263555049896,0.1760673224925995,0.1544845998287201,0.3465011715888977
