{
  "input": {
    "val_predictions": "outputs/alamp_paper_ava_classification_20260511/mid_eval/v0_a/val_predictions.csv",
    "test_predictions": "outputs/alamp_paper_ava_classification_20260511/mid_eval/v0_a/test_predictions.csv",
    "val_rows": 1024,
    "test_rows": 1024
  },
  "baseline_0_50": {
    "threshold": 0.5,
    "validation": {
      "threshold": 0.5,
      "accuracy": 0.705078125,
      "precision": 0.7178423236514523,
      "recall": 0.9584487534626038,
      "specificity": 0.09933774834437085,
      "f1": 0.8208778173190985,
      "balanced_accuracy": 0.5288932509034874,
      "youden_j": 0.057786501806974755,
      "positive_predictions": 964,
      "negative_predictions": 60,
      "confusion_matrix": {
        "tn": 30,
        "fp": 272,
        "fn": 30,
        "tp": 692
      }
    },
    "test": {
      "threshold": 0.5,
      "accuracy": 0.7236328125,
      "precision": 0.7320872274143302,
      "recall": 0.9657534246575342,
      "specificity": 0.12244897959183673,
      "f1": 0.8328411104548139,
      "balanced_accuracy": 0.5441012021246855,
      "youden_j": 0.08820240424937098,
      "positive_predictions": 963,
      "negative_predictions": 61,
      "confusion_matrix": {
        "tn": 36,
        "fp": 258,
        "fn": 25,
        "tp": 705
      }
    }
  },
  "best_validation_f1": {
    "threshold": 0.42,
    "validation": {
      "threshold": 0.42,
      "accuracy": 0.7109375,
      "precision": 0.7100591715976331,
      "recall": 0.997229916897507,
      "specificity": 0.026490066225165563,
      "f1": 0.8294930875576038,
      "balanced_accuracy": 0.5118599915613362,
      "youden_j": 0.023719983122672428,
      "positive_predictions": 1014,
      "negative_predictions": 10,
      "confusion_matrix": {
        "tn": 8,
        "fp": 294,
        "fn": 2,
        "tp": 720
      }
    },
    "test": {
      "threshold": 0.42,
      "accuracy": 0.7197265625,
      "precision": 0.7190900098911969,
      "recall": 0.9958904109589041,
      "specificity": 0.034013605442176874,
      "f1": 0.8351522113727743,
      "balanced_accuracy": 0.5149520082005404,
      "youden_j": 0.02990401640108087,
      "positive_predictions": 1011,
      "negative_predictions": 13,
      "confusion_matrix": {
        "tn": 10,
        "fp": 284,
        "fn": 3,
        "tp": 727
      }
    }
  },
  "best_validation_balanced_accuracy": {
    "threshold": 0.69,
    "validation": {
      "threshold": 0.69,
      "accuracy": 0.6533203125,
      "precision": 0.8073701842546064,
      "recall": 0.667590027700831,
      "specificity": 0.6192052980132451,
      "f1": 0.7308567096285064,
      "balanced_accuracy": 0.643397662857038,
      "youden_j": 0.28679532571407607,
      "positive_predictions": 597,
      "negative_predictions": 427,
      "confusion_matrix": {
        "tn": 187,
        "fp": 115,
        "fn": 240,
        "tp": 482
      }
    },
    "test": {
      "threshold": 0.69,
      "accuracy": 0.638671875,
      "precision": 0.7941176470588235,
      "recall": 0.6657534246575343,
      "specificity": 0.5714285714285714,
      "f1": 0.7242921013412816,
      "balanced_accuracy": 0.6185909980430528,
      "youden_j": 0.23718199608610568,
      "positive_predictions": 612,
      "negative_predictions": 412,
      "confusion_matrix": {
        "tn": 168,
        "fp": 126,
        "fn": 244,
        "tp": 486
      }
    }
  },
  "best_validation_youden_j": {
    "threshold": 0.69,
    "validation": {
      "threshold": 0.69,
      "accuracy": 0.6533203125,
      "precision": 0.8073701842546064,
      "recall": 0.667590027700831,
      "specificity": 0.6192052980132451,
      "f1": 0.7308567096285064,
      "balanced_accuracy": 0.643397662857038,
      "youden_j": 0.28679532571407607,
      "positive_predictions": 597,
      "negative_predictions": 427,
      "confusion_matrix": {
        "tn": 187,
        "fp": 115,
        "fn": 240,
        "tp": 482
      }
    },
    "test": {
      "threshold": 0.69,
      "accuracy": 0.638671875,
      "precision": 0.7941176470588235,
      "recall": 0.6657534246575343,
      "specificity": 0.5714285714285714,
      "f1": 0.7242921013412816,
      "balanced_accuracy": 0.6185909980430528,
      "youden_j": 0.23718199608610568,
      "positive_predictions": 612,
      "negative_predictions": 412,
      "confusion_matrix": {
        "tn": 168,
        "fp": 126,
        "fn": 244,
        "tp": 486
      }
    }
  }
}