epoch,loss,mae,val_loss,val_mae
0,0.04078312963247299,0.166212260723114,0.1494332253932953,0.33961397409439087
