user_confirmed_category,distortionguard_b2_score,distortionguard_b3_score
low_resolution_issue,68.26582236842106,68.82234068421053
manual_existing,61.228889333333335,61.683381
technical_bad,60.051931090909086,60.62073354545455
