dataset,model,n,mae,rmse,srcc,plcc,bias,y_true_mean,y_true_std,y_pred_mean,y_pred_std,std_ratio,avg_ms_per_image,status
koniq_test,mobile_koniq,1008,11.585864869590901,13.8417112332373,0.7442271200064398,0.7922935569967653,-10.037513930723811,58.580290152517605,15.618942277557046,48.54277420043945,12.215765953063965,0.7821122414042642,5.0024444621706765,OK
koniq_test,mobile_flive,1008,13.314672902681755,17.530612213269357,0.6707075152618145,0.7149832752499246,12.442242121335031,58.580290152517605,15.618942277557046,71.02252960205078,5.399282932281494,0.34568812896118817,4.986033080116151,OK
koniq_test,topiq_unified,1008,4.8475960691586755,6.29555179175678,0.8924005863412563,0.9168368484051123,0.6565681233639922,58.580290152517605,15.618942277557046,59.2368582758816,14.880876092177935,0.9527454438166634,12.983685921108911,OK
spaq_test,mobile_koniq,1125,13.034611706712509,16.173141698617588,0.8391529334222864,0.8369400788355258,-10.335807145351835,47.947911111111104,21.935921379045247,37.61210250854492,15.101485252380371,0.6884363319612544,4.975208918253581,OK
spaq_test,mobile_flive,1125,20.192840718248153,24.230605105666708,0.8083315201546596,0.6540862850877498,17.08070476582845,47.947911111111104,21.935921379045247,65.02861785888672,9.870063781738281,0.44994981570123915,4.974956936306423,OK
spaq_test,topiq_unified,1125,8.516725428062013,10.769689702164598,0.875855604014169,0.8716683086082462,0.6239700215445622,47.947911111111104,21.935921379045247,48.571881132655676,19.25883131630643,0.8779586224585869,13.190650939941406,OK
flive_1024,topiq_unified,128,12.531780956760201,15.981845995965262,0.45082173594579744,0.49963865930472673,-11.76042928502325,71.88508172195766,5.604330368168751,60.12465243693441,12.471953294041775,2.2254136488597234,15.242448076605797,OK
