epoch,loss,mae,val_loss,val_mae
0,0.048559628427028656,0.18364907801151276,0.047365009784698486,0.18382054567337036
