{
  "selector_name": "v4",
  "test_metrics": {
    "accuracy": 0.70703125,
    "precision": 0.70703125,
    "recall": 1.0,
    "specificity": 0.0,
    "f1": 0.8283752860411899,
    "roc_auc": 0.6232780847145488,
    "average_precision": 0.7649321511976329,
    "bce_loss": 0.5966525077819824,
    "confusion_matrix": {
      "tn": 0,
      "fp": 75,
      "fn": 0,
      "tp": 181
    },
    "seconds_per_image": 0.19997462816536427,
    "total_samples": 256
  },
  "val_metrics": {
    "accuracy": 0.705078125,
    "precision": 0.705078125,
    "recall": 1.0,
    "specificity": 0.0,
    "f1": 0.827033218785796,
    "roc_auc": 0.6138439947900424,
    "average_precision": 0.7729441616627812,
    "bce_loss": 0.5938851833343506,
    "confusion_matrix": {
      "tn": 0,
      "fp": 302,
      "fn": 0,
      "tp": 722
    },
    "seconds_per_image": 0.19908048957586288,
    "total_samples": 1024
  }
}