epoch,accuracy,auc,loss,val_accuracy,val_auc,val_loss
1,0.51171875,0.43883758783340454,0.785468578338623,0.734375,0.672705352306366,0.6193386912345886
