{
  "best_accuracy": {
    "threshold": 0.52,
    "value": 0.7645717879180914,
    "balanced_accuracy": 0.6517686551524972,
    "specificity": 0.3843643779741672,
    "recall": 0.9191729323308271
  },
  "best_balanced_accuracy": {
    "threshold": 0.72,
    "value": 0.7149131701770121,
    "accuracy": 0.7139488267892937,
    "specificity": 0.717199184228416,
    "recall": 0.7126271561256081
  },
  "best_f1": {
    "threshold": 0.47,
    "value": 0.8499242292499938,
    "accuracy": 0.762567307314389
  },
  "score_distribution": {
    "pos": {
      "mean": 0.7922826048664797,
      "std": 0.1722505659761822,
      "median": 0.8348661661148071
    },
    "neg": {
      "mean": 0.5717293390163943,
      "std": 0.22377878033591508,
      "median": 0.5920559167861938
    }
  },
  "high_confidence_fp_avg_score": 0.9946739256381989,
  "high_confidence_fn_avg_score": 0.03234973722137506,
  "balanced_tradeoff": {
    "threshold": 0.65,
    "specificity": 0.6058463630183548,
    "recall": 0.8052852720035383,
    "accuracy": 0.7476319616397438
  }
}