{
  "loss": [
    0.0031469976529479027,
    0.0025946376845240593,
    0.0023717640433460474,
    0.00204466818831861,
    0.0021271444857120514,
    0.0023281641770154238
  ],
  "mae": [
    0.08518458157777786,
    0.07396823912858963,
    0.06821614503860474,
    0.06139744073152542,
    0.06266291439533234,
    0.06764175742864609
  ],
  "rmse": [
    0.1008850559592247,
    0.09386119246482849,
    0.08862665295600891,
    0.07712304592132568,
    0.0815279483795166,
    0.08353697508573532
  ],
  "val_loss": [
    0.0012861600844189525,
    0.0012860633432865143,
    0.0012877174885943532,
    0.001288413885049522,
    0.0012889514910057187,
    0.0012890794314444065
  ],
  "val_mae": [
    0.045180510729551315,
    0.045176733285188675,
    0.04524095728993416,
    0.045267749577760696,
    0.04528833553195,
    0.04529322311282158
  ],
  "val_rmse": [
    0.05586015060544014,
    0.05585899576544762,
    0.05587896704673767,
    0.05588749423623085,
    0.055894121527671814,
    0.05589570105075836
  ],
  "val_pearson": [
    NaN,
    NaN,
    -Infinity,
    -Infinity,
    -Infinity,
    -Infinity
  ],
  "val_spearman": [
    -Infinity,
    -Infinity,
    -Infinity,
    -Infinity,
    -Infinity,
    -Infinity
  ],
  "val_pairwise_accuracy": [
    0.0,
    0.0,
    0.0,
    0.0,
    0.0,
    0.0
  ],
  "val_top_k_overlap": [
    0.2,
    0.2,
    0.2,
    0.2,
    0.2,
    0.2
  ],
  "learning_rate": [
    9.999999747378752e-05,
    9.999999747378752e-05,
    9.999999747378752e-05,
    4.999999873689376e-05,
    4.999999873689376e-05,
    2.499999936844688e-05
  ]
}
