epoch,loss,mae,val_loss,val_mae
0,0.04859757423400879,0.18002869188785553,0.12536561489105225,0.30057185888290405
