{
  "zero_vs_one": 0.011175423860549927,
  "zero_vs_random": 0.05075898766517639
}